USE [master]
GO
/****** Object:  Database [Budget]    Script Date: 11/10/2018 10:59:22 AM ******/
CREATE DATABASE [Budget]
 CONTAINMENT = NONE
 ON  PRIMARY 
( NAME = N'Budget', FILENAME = N'C:\Program Files\Microsoft SQL Server\MSSQL13.SQLEXPRESS\MSSQL\DATA\Budget.mdf' , SIZE = 8192KB , MAXSIZE = UNLIMITED, FILEGROWTH = 65536KB )
 LOG ON 
( NAME = N'Budget_log', FILENAME = N'C:\Program Files\Microsoft SQL Server\MSSQL13.SQLEXPRESS\MSSQL\DATA\Budget_log.ldf' , SIZE = 8192KB , MAXSIZE = 2048GB , FILEGROWTH = 65536KB )
GO
ALTER DATABASE [Budget] SET COMPATIBILITY_LEVEL = 130
GO
IF (1 = FULLTEXTSERVICEPROPERTY('IsFullTextInstalled'))
begin
EXEC [Budget].[dbo].[sp_fulltext_database] @action = 'enable'
end
GO
ALTER DATABASE [Budget] SET ANSI_NULL_DEFAULT OFF 
GO
ALTER DATABASE [Budget] SET ANSI_NULLS OFF 
GO
ALTER DATABASE [Budget] SET ANSI_PADDING OFF 
GO
ALTER DATABASE [Budget] SET ANSI_WARNINGS OFF 
GO
ALTER DATABASE [Budget] SET ARITHABORT OFF 
GO
ALTER DATABASE [Budget] SET AUTO_CLOSE OFF 
GO
ALTER DATABASE [Budget] SET AUTO_SHRINK OFF 
GO
ALTER DATABASE [Budget] SET AUTO_UPDATE_STATISTICS ON 
GO
ALTER DATABASE [Budget] SET CURSOR_CLOSE_ON_COMMIT OFF 
GO
ALTER DATABASE [Budget] SET CURSOR_DEFAULT  GLOBAL 
GO
ALTER DATABASE [Budget] SET CONCAT_NULL_YIELDS_NULL OFF 
GO
ALTER DATABASE [Budget] SET NUMERIC_ROUNDABORT OFF 
GO
ALTER DATABASE [Budget] SET QUOTED_IDENTIFIER OFF 
GO
ALTER DATABASE [Budget] SET RECURSIVE_TRIGGERS OFF 
GO
ALTER DATABASE [Budget] SET  DISABLE_BROKER 
GO
ALTER DATABASE [Budget] SET AUTO_UPDATE_STATISTICS_ASYNC OFF 
GO
ALTER DATABASE [Budget] SET DATE_CORRELATION_OPTIMIZATION OFF 
GO
ALTER DATABASE [Budget] SET TRUSTWORTHY OFF 
GO
ALTER DATABASE [Budget] SET ALLOW_SNAPSHOT_ISOLATION OFF 
GO
ALTER DATABASE [Budget] SET PARAMETERIZATION SIMPLE 
GO
ALTER DATABASE [Budget] SET READ_COMMITTED_SNAPSHOT OFF 
GO
ALTER DATABASE [Budget] SET HONOR_BROKER_PRIORITY OFF 
GO
ALTER DATABASE [Budget] SET RECOVERY SIMPLE 
GO
ALTER DATABASE [Budget] SET  MULTI_USER 
GO
ALTER DATABASE [Budget] SET PAGE_VERIFY CHECKSUM  
GO
ALTER DATABASE [Budget] SET DB_CHAINING OFF 
GO
ALTER DATABASE [Budget] SET FILESTREAM( NON_TRANSACTED_ACCESS = OFF ) 
GO
ALTER DATABASE [Budget] SET TARGET_RECOVERY_TIME = 60 SECONDS 
GO
ALTER DATABASE [Budget] SET DELAYED_DURABILITY = DISABLED 
GO
ALTER DATABASE [Budget] SET QUERY_STORE = OFF
GO
USE [Budget]
GO
ALTER DATABASE SCOPED CONFIGURATION SET LEGACY_CARDINALITY_ESTIMATION = OFF;
GO
ALTER DATABASE SCOPED CONFIGURATION FOR SECONDARY SET LEGACY_CARDINALITY_ESTIMATION = PRIMARY;
GO
ALTER DATABASE SCOPED CONFIGURATION SET MAXDOP = 0;
GO
ALTER DATABASE SCOPED CONFIGURATION FOR SECONDARY SET MAXDOP = PRIMARY;
GO
ALTER DATABASE SCOPED CONFIGURATION SET PARAMETER_SNIFFING = ON;
GO
ALTER DATABASE SCOPED CONFIGURATION FOR SECONDARY SET PARAMETER_SNIFFING = PRIMARY;
GO
ALTER DATABASE SCOPED CONFIGURATION SET QUERY_OPTIMIZER_HOTFIXES = OFF;
GO
ALTER DATABASE SCOPED CONFIGURATION FOR SECONDARY SET QUERY_OPTIMIZER_HOTFIXES = PRIMARY;
GO
USE [Budget]
GO
/****** Object:  Table [dbo].[AccountType]    Script Date: 11/10/2018 10:59:22 AM ******/
SET ANSI_NULLS ON
GO
SET QUOTED_IDENTIFIER ON
GO
CREATE TABLE [dbo].[AccountType](
	[id] [int] IDENTITY(1,1) NOT NULL,
	[description] [nvarchar](50) NOT NULL
) ON [PRIMARY]
GO
/****** Object:  Table [dbo].[Assign]    Script Date: 11/10/2018 10:59:22 AM ******/
SET ANSI_NULLS ON
GO
SET QUOTED_IDENTIFIER ON
GO
CREATE TABLE [dbo].[Assign](
	[id] [int] IDENTITY(1,1) NOT NULL,
	[category_id] [int] NOT NULL,
	[key_string] [nvarchar](50) NOT NULL,
 CONSTRAINT [PK_Assign] PRIMARY KEY CLUSTERED 
(
	[id] ASC
)WITH (PAD_INDEX = OFF, STATISTICS_NORECOMPUTE = OFF, IGNORE_DUP_KEY = OFF, ALLOW_ROW_LOCKS = ON, ALLOW_PAGE_LOCKS = ON) ON [PRIMARY]
) ON [PRIMARY]
GO
/****** Object:  Table [dbo].[Category]    Script Date: 11/10/2018 10:59:22 AM ******/
SET ANSI_NULLS ON
GO
SET QUOTED_IDENTIFIER ON
GO
CREATE TABLE [dbo].[Category](
	[id] [int] IDENTITY(1,1) NOT NULL,
	[description] [nvarchar](50) NOT NULL,
	[target] [money] NOT NULL,
	[position] [int] NOT NULL,
 CONSTRAINT [PK_Category] PRIMARY KEY CLUSTERED 
(
	[id] ASC
)WITH (PAD_INDEX = OFF, STATISTICS_NORECOMPUTE = OFF, IGNORE_DUP_KEY = OFF, ALLOW_ROW_LOCKS = ON, ALLOW_PAGE_LOCKS = ON) ON [PRIMARY]
) ON [PRIMARY]
GO
/****** Object:  Table [dbo].[Group]    Script Date: 11/10/2018 10:59:22 AM ******/
SET ANSI_NULLS ON
GO
SET QUOTED_IDENTIFIER ON
GO
CREATE TABLE [dbo].[Group](
	[id] [int] IDENTITY(1,1) NOT NULL,
	[description] [nvarchar](50) NOT NULL
) ON [PRIMARY]
GO
/****** Object:  Table [dbo].[Item]    Script Date: 11/10/2018 10:59:22 AM ******/
SET ANSI_NULLS ON
GO
SET QUOTED_IDENTIFIER ON
GO
CREATE TABLE [dbo].[Item](
	[id] [int] IDENTITY(1,1) NOT NULL,
	[date] [date] NOT NULL,
	[amount] [money] NOT NULL,
	[is_debit] [bit] NOT NULL,
	[description] [nvarchar](200) NOT NULL,
	[category_id] [int] NOT NULL,
	[proportional] [bit] NOT NULL,
	[exclude] [bit] NOT NULL,
	[source] [int] NOT NULL
) ON [PRIMARY]
GO
/****** Object:  Table [dbo].[Log]    Script Date: 11/10/2018 10:59:22 AM ******/
SET ANSI_NULLS ON
GO
SET QUOTED_IDENTIFIER ON
GO
CREATE TABLE [dbo].[Log](
	[id] [int] IDENTITY(1,1) NOT NULL,
	[session_id] [nvarchar](50) NOT NULL,
	[timestamp] [datetime] NOT NULL,
	[message] [nvarchar](1000) NOT NULL,
 CONSTRAINT [PK_Log] PRIMARY KEY CLUSTERED 
(
	[id] ASC
)WITH (PAD_INDEX = OFF, STATISTICS_NORECOMPUTE = OFF, IGNORE_DUP_KEY = OFF, ALLOW_ROW_LOCKS = ON, ALLOW_PAGE_LOCKS = ON) ON [PRIMARY]
) ON [PRIMARY]
GO
/****** Object:  Table [dbo].[MonthlyBudget]    Script Date: 11/10/2018 10:59:22 AM ******/
SET ANSI_NULLS ON
GO
SET QUOTED_IDENTIFIER ON
GO
CREATE TABLE [dbo].[MonthlyBudget](
	[id] [int] IDENTITY(1,1) NOT NULL,
	[description] [nvarchar](50) NOT NULL,
	[amount] [money] NOT NULL,
	[paid_from_account_type_id] [int] NOT NULL,
	[amount_remaining] [money] NOT NULL
) ON [PRIMARY]
GO
/****** Object:  Table [dbo].[Person]    Script Date: 11/10/2018 10:59:22 AM ******/
SET ANSI_NULLS ON
GO
SET QUOTED_IDENTIFIER ON
GO
CREATE TABLE [dbo].[Person](
	[id] [int] IDENTITY(1,1) NOT NULL,
	[email] [nvarchar](100) NOT NULL,
	[first_name] [nvarchar](50) NOT NULL,
	[last_name] [nvarchar](50) NOT NULL,
	[password] [nvarchar](50) NOT NULL,
	[description] [nvarchar](50) NOT NULL,
	[is_admin] [bit] NOT NULL
) ON [PRIMARY]
GO
/****** Object:  Table [dbo].[PersonGroup]    Script Date: 11/10/2018 10:59:22 AM ******/
SET ANSI_NULLS ON
GO
SET QUOTED_IDENTIFIER ON
GO
CREATE TABLE [dbo].[PersonGroup](
	[person_id] [int] IDENTITY(1,1) NOT NULL,
	[group_id] [int] NOT NULL
) ON [PRIMARY]
GO
/****** Object:  Table [dbo].[RecurringItem]    Script Date: 11/10/2018 10:59:22 AM ******/
SET ANSI_NULLS ON
GO
SET QUOTED_IDENTIFIER ON
GO
CREATE TABLE [dbo].[RecurringItem](
	[id] [int] IDENTITY(1,1) NOT NULL,
	[start_date] [date] NOT NULL,
	[interval_id] [int] NOT NULL,
	[amount] [money] NOT NULL,
	[is_debit] [bit] NOT NULL,
	[description] [nvarchar](200) NOT NULL,
	[category_id] [int] NOT NULL,
	[proportional] [bit] NOT NULL,
	[exclude] [bit] NOT NULL,
	[source] [int] NOT NULL
) ON [PRIMARY]
GO
SET IDENTITY_INSERT [dbo].[Assign] ON 

INSERT [dbo].[Assign] ([id], [category_id], [key_string]) VALUES (1, 8, N'WENDY''S')
INSERT [dbo].[Assign] ([id], [category_id], [key_string]) VALUES (2, 19, N'GREEN GEEKS')
INSERT [dbo].[Assign] ([id], [category_id], [key_string]) VALUES (3, 24, N'GOODYEAR')
INSERT [dbo].[Assign] ([id], [category_id], [key_string]) VALUES (4, 7, N'TARGET')
INSERT [dbo].[Assign] ([id], [category_id], [key_string]) VALUES (6, 21, N'SUNOCO')
INSERT [dbo].[Assign] ([id], [category_id], [key_string]) VALUES (7, 10, N'MYCUMORTGAGE')
INSERT [dbo].[Assign] ([id], [category_id], [key_string]) VALUES (8, 8, N'SUBWAY')
INSERT [dbo].[Assign] ([id], [category_id], [key_string]) VALUES (9, 8, N'BURGER KING')
INSERT [dbo].[Assign] ([id], [category_id], [key_string]) VALUES (11, 7, N'KROGER ')
INSERT [dbo].[Assign] ([id], [category_id], [key_string]) VALUES (12, 56, N'ROSEHILL VETERINARY HOSP')
INSERT [dbo].[Assign] ([id], [category_id], [key_string]) VALUES (13, 17, N'ATT ')
INSERT [dbo].[Assign] ([id], [category_id], [key_string]) VALUES (14, 8, N'SKYLINE')
INSERT [dbo].[Assign] ([id], [category_id], [key_string]) VALUES (15, 4, N'BENEFIT PAYMENTS ')
INSERT [dbo].[Assign] ([id], [category_id], [key_string]) VALUES (16, 43, N'ROSS CLEANERS ')
INSERT [dbo].[Assign] ([id], [category_id], [key_string]) VALUES (17, 8, N'MCL')
INSERT [dbo].[Assign] ([id], [category_id], [key_string]) VALUES (18, 5, N'NATIONAL CHURCH  DIRECT ')
INSERT [dbo].[Assign] ([id], [category_id], [key_string]) VALUES (19, 8, N'PANERA BREAD')
INSERT [dbo].[Assign] ([id], [category_id], [key_string]) VALUES (20, 8, N'EL VAQUERO')
INSERT [dbo].[Assign] ([id], [category_id], [key_string]) VALUES (21, 8, N'OLD BAG OF NAILS')
INSERT [dbo].[Assign] ([id], [category_id], [key_string]) VALUES (23, 60, N'NATIONWIDE PET INS')
INSERT [dbo].[Assign] ([id], [category_id], [key_string]) VALUES (24, 8, N'MAD GREEK')
INSERT [dbo].[Assign] ([id], [category_id], [key_string]) VALUES (25, 21, N'SPEEDWAY')
INSERT [dbo].[Assign] ([id], [category_id], [key_string]) VALUES (26, 7, N'Wal-Mart')
INSERT [dbo].[Assign] ([id], [category_id], [key_string]) VALUES (28, 8, N'BILLY LEES CHINESE')
INSERT [dbo].[Assign] ([id], [category_id], [key_string]) VALUES (29, 37, N'GRANGE INSURANCE ACH W/D')
INSERT [dbo].[Assign] ([id], [category_id], [key_string]) VALUES (30, 8, N'MAX & ERMA''S')
INSERT [dbo].[Assign] ([id], [category_id], [key_string]) VALUES (31, 19, N'MICROSOFT   *ONEDRIVE')
INSERT [dbo].[Assign] ([id], [category_id], [key_string]) VALUES (32, 19, N'GOOGLE *Google Storage')
INSERT [dbo].[Assign] ([id], [category_id], [key_string]) VALUES (33, 6, N'ASPCA')
INSERT [dbo].[Assign] ([id], [category_id], [key_string]) VALUES (34, 17, N'VERIZON')
INSERT [dbo].[Assign] ([id], [category_id], [key_string]) VALUES (35, 8, N'HONEYBAKED HAM')
INSERT [dbo].[Assign] ([id], [category_id], [key_string]) VALUES (36, 8, N'CITY BARBEQUE')
INSERT [dbo].[Assign] ([id], [category_id], [key_string]) VALUES (37, 62, N'ARTSCOW.COM')
INSERT [dbo].[Assign] ([id], [category_id], [key_string]) VALUES (38, 63, N'LATE FEE')
INSERT [dbo].[Assign] ([id], [category_id], [key_string]) VALUES (39, 63, N'Interest Charge')
INSERT [dbo].[Assign] ([id], [category_id], [key_string]) VALUES (40, 64, N'ATM WITHDRAWAL')
INSERT [dbo].[Assign] ([id], [category_id], [key_string]) VALUES (41, 8, N'APPLEBEES')
INSERT [dbo].[Assign] ([id], [category_id], [key_string]) VALUES (42, 42, N'LOWES')
INSERT [dbo].[Assign] ([id], [category_id], [key_string]) VALUES (43, 5, N'TECH ELEVATOR')
INSERT [dbo].[Assign] ([id], [category_id], [key_string]) VALUES (44, 44, N'Department of Edu')
INSERT [dbo].[Assign] ([id], [category_id], [key_string]) VALUES (45, 13, N'AEP')
INSERT [dbo].[Assign] ([id], [category_id], [key_string]) VALUES (46, 6, N'DOCTORS W/O BORDER')
INSERT [dbo].[Assign] ([id], [category_id], [key_string]) VALUES (47, 61, N'To Share 32 XFR')
INSERT [dbo].[Assign] ([id], [category_id], [key_string]) VALUES (48, 65, N'ATM CHECK DEPOSIT')
INSERT [dbo].[Assign] ([id], [category_id], [key_string]) VALUES (49, 61, N'TRANSFER TO SAV')
INSERT [dbo].[Assign] ([id], [category_id], [key_string]) VALUES (50, 8, N'BOSTON MARKET')
INSERT [dbo].[Assign] ([id], [category_id], [key_string]) VALUES (51, 8, N'HARVEST MOON CAFE')
INSERT [dbo].[Assign] ([id], [category_id], [key_string]) VALUES (52, 8, N'ARBYS')
INSERT [dbo].[Assign] ([id], [category_id], [key_string]) VALUES (53, 62, N'COOLSTUFFINC.COM')
INSERT [dbo].[Assign] ([id], [category_id], [key_string]) VALUES (54, 55, N'DISPATCH SUBSCRIPTION')
INSERT [dbo].[Assign] ([id], [category_id], [key_string]) VALUES (55, 8, N'USA*CANTEEN FRANKLIN VEND')
INSERT [dbo].[Assign] ([id], [category_id], [key_string]) VALUES (56, 15, N'COLUMBIA GAS OH')
INSERT [dbo].[Assign] ([id], [category_id], [key_string]) VALUES (57, 63, N'MONTHLY SERVICE FEE')
INSERT [dbo].[Assign] ([id], [category_id], [key_string]) VALUES (58, 8, N'RUSTY BUCKET')
INSERT [dbo].[Assign] ([id], [category_id], [key_string]) VALUES (59, 53, N'NETFLIX COM')
INSERT [dbo].[Assign] ([id], [category_id], [key_string]) VALUES (60, 53, N'FRIENDS OF THE DREXEL')
INSERT [dbo].[Assign] ([id], [category_id], [key_string]) VALUES (61, 53, N'LITTLE ROCK BAR')
INSERT [dbo].[Assign] ([id], [category_id], [key_string]) VALUES (62, 19, N'NEST LABS')
INSERT [dbo].[Assign] ([id], [category_id], [key_string]) VALUES (63, 6, N'SPLC DONATION')
INSERT [dbo].[Assign] ([id], [category_id], [key_string]) VALUES (64, 26, N'ADVANCE AUTO PARTS')
INSERT [dbo].[Assign] ([id], [category_id], [key_string]) VALUES (65, 18, N'TIVO SERVICE')
INSERT [dbo].[Assign] ([id], [category_id], [key_string]) VALUES (66, 59, N'THE DOGGY DEN')
INSERT [dbo].[Assign] ([id], [category_id], [key_string]) VALUES (67, 42, N'LOWE''S')
INSERT [dbo].[Assign] ([id], [category_id], [key_string]) VALUES (68, 48, N'J ALEXANDER''S 02000347')
INSERT [dbo].[Assign] ([id], [category_id], [key_string]) VALUES (69, 19, N'AMZN Drive')
INSERT [dbo].[Assign] ([id], [category_id], [key_string]) VALUES (70, 38, N'JACKSON1 ACH')
INSERT [dbo].[Assign] ([id], [category_id], [key_string]) VALUES (71, 74, N'ACTBLUE')
SET IDENTITY_INSERT [dbo].[Assign] OFF
SET IDENTITY_INSERT [dbo].[Category] ON 

INSERT [dbo].[Category] ([id], [description], [target], [position]) VALUES (0, N'Undefined', 1.0000, 1000)
INSERT [dbo].[Category] ([id], [description], [target], [position]) VALUES (4, N'Income - Retirement', 1.0000, 2)
INSERT [dbo].[Category] ([id], [description], [target], [position]) VALUES (5, N'Income - Salary', 1.0000, 3)
INSERT [dbo].[Category] ([id], [description], [target], [position]) VALUES (6, N'Gifts-Charities', 1.0000, 214)
INSERT [dbo].[Category] ([id], [description], [target], [position]) VALUES (7, N'Food-Groceries', 1.0000, 10)
INSERT [dbo].[Category] ([id], [description], [target], [position]) VALUES (8, N'Food-Restaurants', 1.0000, 15)
INSERT [dbo].[Category] ([id], [description], [target], [position]) VALUES (9, N'Food-Pet Food/Treats', 1.0000, 20)
INSERT [dbo].[Category] ([id], [description], [target], [position]) VALUES (10, N'Shelter-Mortgage', 1.0000, 25)
INSERT [dbo].[Category] ([id], [description], [target], [position]) VALUES (11, N'Shelter-Property Taxes', 1.0000, 30)
INSERT [dbo].[Category] ([id], [description], [target], [position]) VALUES (12, N'Shelter-Household Repairs', 1.0000, 35)
INSERT [dbo].[Category] ([id], [description], [target], [position]) VALUES (13, N'Utilities-Electricity', 1.0000, 40)
INSERT [dbo].[Category] ([id], [description], [target], [position]) VALUES (14, N'Utilities-Water', 1.0000, 45)
INSERT [dbo].[Category] ([id], [description], [target], [position]) VALUES (15, N'Utilities-Heating', 1.0000, 50)
INSERT [dbo].[Category] ([id], [description], [target], [position]) VALUES (16, N'Utilities-Garbage', 1.0000, 55)
INSERT [dbo].[Category] ([id], [description], [target], [position]) VALUES (17, N'Utilities-Phones', 1.0000, 60)
INSERT [dbo].[Category] ([id], [description], [target], [position]) VALUES (18, N'Utilities-Cable', 1.0000, 65)
INSERT [dbo].[Category] ([id], [description], [target], [position]) VALUES (19, N'Utilities-Internet', 1.0000, 70)
INSERT [dbo].[Category] ([id], [description], [target], [position]) VALUES (20, N'Clothing', 1.0000, 75)
INSERT [dbo].[Category] ([id], [description], [target], [position]) VALUES (21, N'Transportation-Fuel', 1.0000, 80)
INSERT [dbo].[Category] ([id], [description], [target], [position]) VALUES (24, N'Transportation-Maintenance', 1.0000, 95)
INSERT [dbo].[Category] ([id], [description], [target], [position]) VALUES (25, N'Transportation-Parking Fees', 1.0000, 100)
INSERT [dbo].[Category] ([id], [description], [target], [position]) VALUES (26, N'Transportation-Repairs', 1.0000, 105)
INSERT [dbo].[Category] ([id], [description], [target], [position]) VALUES (27, N'Transportation-DMV Fees', 1.0000, 110)
INSERT [dbo].[Category] ([id], [description], [target], [position]) VALUES (28, N'Transportation-Vehicle Replacement', 1.0000, 115)
INSERT [dbo].[Category] ([id], [description], [target], [position]) VALUES (29, N'Medical-Primary Care', 1.0000, 120)
INSERT [dbo].[Category] ([id], [description], [target], [position]) VALUES (30, N'Medical-Dental Care', 1.0000, 125)
INSERT [dbo].[Category] ([id], [description], [target], [position]) VALUES (31, N'Medical-Specialty Care', 1.0000, 130)
INSERT [dbo].[Category] ([id], [description], [target], [position]) VALUES (32, N'Medical-Medications', 1.0000, 135)
INSERT [dbo].[Category] ([id], [description], [target], [position]) VALUES (33, N'Medical-Medical Devices', 1.0000, 140)
INSERT [dbo].[Category] ([id], [description], [target], [position]) VALUES (34, N'Insurance-Health Insurance', 1.0000, 145)
INSERT [dbo].[Category] ([id], [description], [target], [position]) VALUES (35, N'Insurance-Homeowner’s Insurance', 1.0000, 150)
INSERT [dbo].[Category] ([id], [description], [target], [position]) VALUES (36, N'Insurance-Renter’s Insurance', 1.0000, 155)
INSERT [dbo].[Category] ([id], [description], [target], [position]) VALUES (37, N'Insurance-Auto Insurance', 1.0000, 160)
INSERT [dbo].[Category] ([id], [description], [target], [position]) VALUES (38, N'Insurance-Life Insurance', 1.0000, 165)
INSERT [dbo].[Category] ([id], [description], [target], [position]) VALUES (39, N'Insurance-Disability Insurance', 1.0000, 170)
INSERT [dbo].[Category] ([id], [description], [target], [position]) VALUES (40, N'Insurance-Identity Theft Protection', 1.0000, 175)
INSERT [dbo].[Category] ([id], [description], [target], [position]) VALUES (41, N'Insurance-Longterm Care Insurance', 1.0000, 180)
INSERT [dbo].[Category] ([id], [description], [target], [position]) VALUES (42, N'Household - Supplies', 1.0000, 185)
INSERT [dbo].[Category] ([id], [description], [target], [position]) VALUES (43, N'Personal', 1.0000, 187)
INSERT [dbo].[Category] ([id], [description], [target], [position]) VALUES (44, N'Debt Reduction-Student Loan', 1.0000, 195)
INSERT [dbo].[Category] ([id], [description], [target], [position]) VALUES (45, N'Retirement', 1.0000, 200)
INSERT [dbo].[Category] ([id], [description], [target], [position]) VALUES (46, N'Education', 1.0000, 205)
INSERT [dbo].[Category] ([id], [description], [target], [position]) VALUES (47, N'Savings-Emergency Fund', 1.0000, 210)
INSERT [dbo].[Category] ([id], [description], [target], [position]) VALUES (48, N'Gifts-Birthday', 1.0000, 215)
INSERT [dbo].[Category] ([id], [description], [target], [position]) VALUES (49, N'Gifts-Anniversary', 1.0000, 220)
INSERT [dbo].[Category] ([id], [description], [target], [position]) VALUES (50, N'Gifts-Wedding', 1.0000, 225)
INSERT [dbo].[Category] ([id], [description], [target], [position]) VALUES (51, N'Gifts-Christmas', 1.0000, 230)
INSERT [dbo].[Category] ([id], [description], [target], [position]) VALUES (52, N'Gifts-Special Occasion', 1.0000, 235)
INSERT [dbo].[Category] ([id], [description], [target], [position]) VALUES (53, N'Fun Money-Entertainment', 1.0000, 240)
INSERT [dbo].[Category] ([id], [description], [target], [position]) VALUES (54, N'Fun Money-Vacations', 1.0000, 245)
INSERT [dbo].[Category] ([id], [description], [target], [position]) VALUES (55, N'Fun Money-Subscriptions', 1.0000, 250)
INSERT [dbo].[Category] ([id], [description], [target], [position]) VALUES (56, N'Pets-Vet Care', 1.0000, 191)
INSERT [dbo].[Category] ([id], [description], [target], [position]) VALUES (57, N'Pets-Food', 1.0000, 192)
INSERT [dbo].[Category] ([id], [description], [target], [position]) VALUES (58, N'Pets-Grooming', 1.0000, 193)
INSERT [dbo].[Category] ([id], [description], [target], [position]) VALUES (59, N'Pets-Care', 1.0000, 194)
INSERT [dbo].[Category] ([id], [description], [target], [position]) VALUES (60, N'Pets - Insurance', 1.0000, 190)
INSERT [dbo].[Category] ([id], [description], [target], [position]) VALUES (61, N'Savings-General', 1.0000, 212)
INSERT [dbo].[Category] ([id], [description], [target], [position]) VALUES (62, N'Work Expense - Reimbursable', 1.0000, 213)
INSERT [dbo].[Category] ([id], [description], [target], [position]) VALUES (63, N'Banking - Interest and Fees Paid', 1.0000, 255)
INSERT [dbo].[Category] ([id], [description], [target], [position]) VALUES (64, N'Banking - Cash', 1.0000, 260)
INSERT [dbo].[Category] ([id], [description], [target], [position]) VALUES (65, N'Expense Reimbursement', 1.0000, 4)
INSERT [dbo].[Category] ([id], [description], [target], [position]) VALUES (66, N'Personal - Haircare', 1.0000, 188)
INSERT [dbo].[Category] ([id], [description], [target], [position]) VALUES (67, N'Household - Cleaning', 1.0000, 186)
INSERT [dbo].[Category] ([id], [description], [target], [position]) VALUES (68, N'Taxes-Federal', 1.0000, 265)
INSERT [dbo].[Category] ([id], [description], [target], [position]) VALUES (69, N'Taxes-State', 1.0000, 270)
INSERT [dbo].[Category] ([id], [description], [target], [position]) VALUES (70, N'Taxes-Local', 1.0000, 275)
INSERT [dbo].[Category] ([id], [description], [target], [position]) VALUES (71, N'Taxes-Social Security', 1.0000, 266)
INSERT [dbo].[Category] ([id], [description], [target], [position]) VALUES (72, N'Taxes-Medicare', 1.0000, 267)
INSERT [dbo].[Category] ([id], [description], [target], [position]) VALUES (73, N'Savings-HCSA', 1.0000, 211)
INSERT [dbo].[Category] ([id], [description], [target], [position]) VALUES (74, N'Gift-Political', 1.0000, 237)
SET IDENTITY_INSERT [dbo].[Category] OFF
SET IDENTITY_INSERT [dbo].[Item] ON 

INSERT [dbo].[Item] ([id], [date], [amount], [is_debit], [description], [category_id], [proportional], [exclude], [source]) VALUES (404, CAST(N'2018-10-17' AS Date), 86.3100, 0, N'Kohls', 20, 0, 0, 0)
INSERT [dbo].[Item] ([id], [date], [amount], [is_debit], [description], [category_id], [proportional], [exclude], [source]) VALUES (427, CAST(N'2018-10-15' AS Date), 28.1300, 1, N'Bexley School District - John', 70, 0, 0, 7)
INSERT [dbo].[Item] ([id], [date], [amount], [is_debit], [description], [category_id], [proportional], [exclude], [source]) VALUES (428, CAST(N'2018-10-05' AS Date), 15.1400, 1, N'Bexley School District - Lisa', 70, 0, 0, 7)
INSERT [dbo].[Item] ([id], [date], [amount], [is_debit], [description], [category_id], [proportional], [exclude], [source]) VALUES (429, CAST(N'2018-10-19' AS Date), 15.1400, 1, N'Bexley School District - Lisa', 70, 0, 0, 7)
INSERT [dbo].[Item] ([id], [date], [amount], [is_debit], [description], [category_id], [proportional], [exclude], [source]) VALUES (430, CAST(N'2018-10-15' AS Date), 95.4200, 1, N'City Tax - Columbus - John', 70, 0, 0, 7)
INSERT [dbo].[Item] ([id], [date], [amount], [is_debit], [description], [category_id], [proportional], [exclude], [source]) VALUES (431, CAST(N'2018-10-05' AS Date), 51.8500, 1, N'City Tax - Upper Arlington - Lisa', 70, 0, 0, 7)
INSERT [dbo].[Item] ([id], [date], [amount], [is_debit], [description], [category_id], [proportional], [exclude], [source]) VALUES (432, CAST(N'2018-10-19' AS Date), 51.8500, 1, N'City Tax - Upper Arlington - Lisa', 70, 0, 0, 7)
INSERT [dbo].[Item] ([id], [date], [amount], [is_debit], [description], [category_id], [proportional], [exclude], [source]) VALUES (433, CAST(N'2018-10-05' AS Date), 158.5100, 1, N'Federal Income Tax - Lisa', 68, 0, 0, 7)
INSERT [dbo].[Item] ([id], [date], [amount], [is_debit], [description], [category_id], [proportional], [exclude], [source]) VALUES (434, CAST(N'2018-10-19' AS Date), 158.5100, 1, N'Federal Income Tax - Lisa', 68, 0, 0, 7)
INSERT [dbo].[Item] ([id], [date], [amount], [is_debit], [description], [category_id], [proportional], [exclude], [source]) VALUES (435, CAST(N'2018-10-15' AS Date), 55.3400, 1, N'Medicare - John', 72, 0, 0, 7)
INSERT [dbo].[Item] ([id], [date], [amount], [is_debit], [description], [category_id], [proportional], [exclude], [source]) VALUES (436, CAST(N'2018-10-05' AS Date), 30.0700, 1, N'Medicare - Lisa', 72, 0, 0, 7)
INSERT [dbo].[Item] ([id], [date], [amount], [is_debit], [description], [category_id], [proportional], [exclude], [source]) VALUES (437, CAST(N'2018-10-19' AS Date), 30.0700, 1, N'Medicare - Lisa', 72, 0, 0, 7)
INSERT [dbo].[Item] ([id], [date], [amount], [is_debit], [description], [category_id], [proportional], [exclude], [source]) VALUES (438, CAST(N'2018-10-15' AS Date), 169.1000, 1, N'Ohio State Tax - John', 69, 0, 0, 7)
INSERT [dbo].[Item] ([id], [date], [amount], [is_debit], [description], [category_id], [proportional], [exclude], [source]) VALUES (439, CAST(N'2018-10-05' AS Date), 52.1000, 1, N'Ohio State Tax - Lisa', 69, 0, 0, 7)
INSERT [dbo].[Item] ([id], [date], [amount], [is_debit], [description], [category_id], [proportional], [exclude], [source]) VALUES (440, CAST(N'2018-10-19' AS Date), 52.1000, 1, N'Ohio State Tax - Lisa', 69, 0, 0, 7)
INSERT [dbo].[Item] ([id], [date], [amount], [is_debit], [description], [category_id], [proportional], [exclude], [source]) VALUES (441, CAST(N'2018-10-15' AS Date), 39.5800, 1, N'Retirement - John - American Funds', 45, 0, 0, 7)
INSERT [dbo].[Item] ([id], [date], [amount], [is_debit], [description], [category_id], [proportional], [exclude], [source]) VALUES (442, CAST(N'2018-10-05' AS Date), 186.5700, 1, N'Retirement - Lisa', 45, 0, 0, 7)
INSERT [dbo].[Item] ([id], [date], [amount], [is_debit], [description], [category_id], [proportional], [exclude], [source]) VALUES (443, CAST(N'2018-10-19' AS Date), 186.5700, 1, N'Retirement - Lisa', 45, 0, 0, 7)
INSERT [dbo].[Item] ([id], [date], [amount], [is_debit], [description], [category_id], [proportional], [exclude], [source]) VALUES (444, CAST(N'2018-10-05' AS Date), 186.5700, 0, N'Salary - NCR - Deductions', 5, 0, 0, 7)
INSERT [dbo].[Item] ([id], [date], [amount], [is_debit], [description], [category_id], [proportional], [exclude], [source]) VALUES (445, CAST(N'2018-10-19' AS Date), 186.5700, 0, N'Salary - NCR - Deductions', 5, 0, 0, 7)
INSERT [dbo].[Item] ([id], [date], [amount], [is_debit], [description], [category_id], [proportional], [exclude], [source]) VALUES (446, CAST(N'2018-10-05' AS Date), 435.2600, 0, N'Salary - NCR - Taxes', 5, 0, 0, 7)
INSERT [dbo].[Item] ([id], [date], [amount], [is_debit], [description], [category_id], [proportional], [exclude], [source]) VALUES (447, CAST(N'2018-10-19' AS Date), 435.2600, 0, N'Salary - NCR - Taxes', 5, 0, 0, 7)
INSERT [dbo].[Item] ([id], [date], [amount], [is_debit], [description], [category_id], [proportional], [exclude], [source]) VALUES (448, CAST(N'2018-10-15' AS Date), 1304.5000, 0, N'Salary - Tech Elevator  - Taxes', 5, 0, 0, 7)
INSERT [dbo].[Item] ([id], [date], [amount], [is_debit], [description], [category_id], [proportional], [exclude], [source]) VALUES (449, CAST(N'2018-10-15' AS Date), 181.2400, 0, N'Salary - Tech Elevator - Deductions', 5, 0, 0, 7)
INSERT [dbo].[Item] ([id], [date], [amount], [is_debit], [description], [category_id], [proportional], [exclude], [source]) VALUES (450, CAST(N'2018-10-15' AS Date), 236.6300, 1, N'Social Security - John', 71, 0, 0, 7)
INSERT [dbo].[Item] ([id], [date], [amount], [is_debit], [description], [category_id], [proportional], [exclude], [source]) VALUES (451, CAST(N'2018-10-05' AS Date), 128.5800, 1, N'Social Security - Lisa', 71, 0, 0, 7)
INSERT [dbo].[Item] ([id], [date], [amount], [is_debit], [description], [category_id], [proportional], [exclude], [source]) VALUES (452, CAST(N'2018-10-19' AS Date), 128.5800, 1, N'Social Security - Lisa', 71, 0, 0, 7)
INSERT [dbo].[Item] ([id], [date], [amount], [is_debit], [description], [category_id], [proportional], [exclude], [source]) VALUES (453, CAST(N'2018-10-29' AS Date), 39.9500, 1, N'GREEN GEEKS   8773267483   CA', 19, 0, 0, 4)
INSERT [dbo].[Item] ([id], [date], [amount], [is_debit], [description], [category_id], [proportional], [exclude], [source]) VALUES (454, CAST(N'2018-10-31' AS Date), 6.1000, 1, N'AMAZON.COM*M863G2GH2 - AMZN.COM/BILL, WA', 0, 0, 0, 5)
INSERT [dbo].[Item] ([id], [date], [amount], [is_debit], [description], [category_id], [proportional], [exclude], [source]) VALUES (455, CAST(N'2018-10-31' AS Date), 25.6900, 1, N'AMAZON.COM*M87827P20 - AMZN.COM/BILL, WA', 0, 0, 0, 5)
INSERT [dbo].[Item] ([id], [date], [amount], [is_debit], [description], [category_id], [proportional], [exclude], [source]) VALUES (456, CAST(N'2018-11-01' AS Date), 133.4900, 1, N'AMZN MKTP US*M82ON5XE0 - AMZN.COM/BILL, WA', 0, 0, 0, 5)
INSERT [dbo].[Item] ([id], [date], [amount], [is_debit], [description], [category_id], [proportional], [exclude], [source]) VALUES (457, CAST(N'2018-11-02' AS Date), 16.8200, 1, N'AMAZON.COM*M88XR9X71 - AMZN.COM/BILL, WA', 0, 0, 0, 5)
INSERT [dbo].[Item] ([id], [date], [amount], [is_debit], [description], [category_id], [proportional], [exclude], [source]) VALUES (458, CAST(N'2018-11-02' AS Date), 373.7400, 0, N'ONLINE PAYMENT - THANK YOU', 0, 0, 0, 5)
INSERT [dbo].[Item] ([id], [date], [amount], [is_debit], [description], [category_id], [proportional], [exclude], [source]) VALUES (459, CAST(N'2018-11-04' AS Date), 10.9900, 1, N'AMZN MKTP US*M88ON4591 - AMZN.COM/BILL, WA', 0, 0, 0, 5)
INSERT [dbo].[Item] ([id], [date], [amount], [is_debit], [description], [category_id], [proportional], [exclude], [source]) VALUES (469, CAST(N'2018-11-03' AS Date), 11.0000, 1, N'ACTBLUE*DNC', 74, 0, 0, 6)
INSERT [dbo].[Item] ([id], [date], [amount], [is_debit], [description], [category_id], [proportional], [exclude], [source]) VALUES (470, CAST(N'2018-11-03' AS Date), 6.0000, 1, N'ACTBLUE*DONATETODEMS', 74, 0, 0, 6)
INSERT [dbo].[Item] ([id], [date], [amount], [is_debit], [description], [category_id], [proportional], [exclude], [source]) VALUES (471, CAST(N'2018-11-03' AS Date), 6.0000, 1, N'ACTBLUE*AFTAB.PUREVAL', 74, 0, 0, 6)
INSERT [dbo].[Item] ([id], [date], [amount], [is_debit], [description], [category_id], [proportional], [exclude], [source]) VALUES (472, CAST(N'2018-11-03' AS Date), 6.0000, 1, N'ACTBLUE*ENDCITIZENSUNITED', 74, 0, 0, 6)
INSERT [dbo].[Item] ([id], [date], [amount], [is_debit], [description], [category_id], [proportional], [exclude], [source]) VALUES (473, CAST(N'2018-11-07' AS Date), 6.6000, 1, N'POS DEBIT                TACO BELL #028227         WHITEHALL    OH', 0, 0, 0, 2)
INSERT [dbo].[Item] ([id], [date], [amount], [is_debit], [description], [category_id], [proportional], [exclude], [source]) VALUES (474, CAST(N'2018-11-07' AS Date), 78.9600, 1, N'POS DEBIT                KROGER 897                WHITEHALL    OH', 7, 0, 0, 2)
INSERT [dbo].[Item] ([id], [date], [amount], [is_debit], [description], [category_id], [proportional], [exclude], [source]) VALUES (475, CAST(N'2018-11-07' AS Date), 51.3100, 1, N'POS DEBIT                SQ *BAESLER''S FLORAL M   Terre Haute   IN', 0, 0, 0, 2)
INSERT [dbo].[Item] ([id], [date], [amount], [is_debit], [description], [category_id], [proportional], [exclude], [source]) VALUES (476, CAST(N'2018-11-07' AS Date), 18.4800, 1, N'POS DEBIT                BOSTON MARKET 00         BEXLEY        OH', 8, 0, 0, 2)
INSERT [dbo].[Item] ([id], [date], [amount], [is_debit], [description], [category_id], [proportional], [exclude], [source]) VALUES (477, CAST(N'2018-11-07' AS Date), 9.6800, 1, N'POS DEBIT                TST* HARVEST - B         BEXLEY        OH', 0, 0, 0, 2)
INSERT [dbo].[Item] ([id], [date], [amount], [is_debit], [description], [category_id], [proportional], [exclude], [source]) VALUES (478, CAST(N'2018-11-07' AS Date), 6.8700, 1, N'POS DEBIT                MCDONALD''S F10553        COLUMBUS      OH', 0, 0, 0, 2)
INSERT [dbo].[Item] ([id], [date], [amount], [is_debit], [description], [category_id], [proportional], [exclude], [source]) VALUES (479, CAST(N'2018-11-05' AS Date), 90.0000, 1, N'CHECK 2017  ', 0, 0, 0, 2)
INSERT [dbo].[Item] ([id], [date], [amount], [is_debit], [description], [category_id], [proportional], [exclude], [source]) VALUES (480, CAST(N'2018-11-05' AS Date), 19.6100, 1, N'CITY BARBEQUE GAHANNA GAHANNA OH             11/05', 8, 0, 0, 2)
INSERT [dbo].[Item] ([id], [date], [amount], [is_debit], [description], [category_id], [proportional], [exclude], [source]) VALUES (481, CAST(N'2018-11-05' AS Date), 15.1400, 1, N'WENDY''S #  0079 WHITEHALL OH                 11/04', 8, 0, 0, 2)
INSERT [dbo].[Item] ([id], [date], [amount], [is_debit], [description], [category_id], [proportional], [exclude], [source]) VALUES (482, CAST(N'2018-11-05' AS Date), 28.3500, 1, N'TARGET T- 3955 E Broad Whitehall OH          11/04', 7, 0, 0, 2)
INSERT [dbo].[Item] ([id], [date], [amount], [is_debit], [description], [category_id], [proportional], [exclude], [source]) VALUES (483, CAST(N'2018-11-05' AS Date), 16.0800, 1, N'PITA HOUSE COLUMBUS OH                       11/03', 0, 0, 0, 2)
INSERT [dbo].[Item] ([id], [date], [amount], [is_debit], [description], [category_id], [proportional], [exclude], [source]) VALUES (484, CAST(N'2018-11-05' AS Date), 12.9500, 1, N'BILLY LEES CHINESE CUIS COLUMBUS OH          11/02', 8, 0, 0, 2)
INSERT [dbo].[Item] ([id], [date], [amount], [is_debit], [description], [category_id], [proportional], [exclude], [source]) VALUES (485, CAST(N'2018-11-05' AS Date), 20.2000, 1, N'ROSS CLEANERS COLUMBUS OH                    11/02', 43, 0, 0, 2)
INSERT [dbo].[Item] ([id], [date], [amount], [is_debit], [description], [category_id], [proportional], [exclude], [source]) VALUES (486, CAST(N'2018-11-05' AS Date), 10.0000, 1, N'PANERA BREAD #204757 COLUMBUS OH             11/02', 8, 0, 0, 2)
INSERT [dbo].[Item] ([id], [date], [amount], [is_debit], [description], [category_id], [proportional], [exclude], [source]) VALUES (487, CAST(N'2018-11-02' AS Date), 45.5400, 1, N'NATIONWIDE PET INS 800-872-7387 CA           11/02', 60, 0, 0, 2)
INSERT [dbo].[Item] ([id], [date], [amount], [is_debit], [description], [category_id], [proportional], [exclude], [source]) VALUES (488, CAST(N'2018-11-02' AS Date), 10.7300, 1, N'LOWE''S #1211 COLUMBUS OH             253829  11/02', 42, 0, 0, 2)
INSERT [dbo].[Item] ([id], [date], [amount], [is_debit], [description], [category_id], [proportional], [exclude], [source]) VALUES (489, CAST(N'2018-11-02' AS Date), 41.9100, 1, N'TARGET T- 3955 E Broad Whitehall OH          11/02', 7, 0, 0, 2)
INSERT [dbo].[Item] ([id], [date], [amount], [is_debit], [description], [category_id], [proportional], [exclude], [source]) VALUES (490, CAST(N'2018-11-02' AS Date), 207.4900, 1, N'TARGET T- 3955 E Broad Whitehall OH          11/02', 7, 0, 0, 2)
INSERT [dbo].[Item] ([id], [date], [amount], [is_debit], [description], [category_id], [proportional], [exclude], [source]) VALUES (491, CAST(N'2018-11-02' AS Date), 15.8600, 1, N'MCL KINGSDALE UPPER ARLINGT OH               11/01', 8, 0, 0, 2)
INSERT [dbo].[Item] ([id], [date], [amount], [is_debit], [description], [category_id], [proportional], [exclude], [source]) VALUES (492, CAST(N'2018-11-02' AS Date), 1451.2100, 0, N'NATIONAL CHURCH  DIRECT DEP                 PPD ID: 9111111103', 5, 0, 0, 2)
INSERT [dbo].[Item] ([id], [date], [amount], [is_debit], [description], [category_id], [proportional], [exclude], [source]) VALUES (493, CAST(N'2018-11-01' AS Date), 15.0900, 1, N'TST* HARVEST - BEXLEY BEXLEY OH              11/01', 0, 0, 0, 2)
INSERT [dbo].[Item] ([id], [date], [amount], [is_debit], [description], [category_id], [proportional], [exclude], [source]) VALUES (494, CAST(N'2018-10-31' AS Date), 12.3000, 1, N'BEXLEY MK 2250 East Ma BEXLEY OH             10/31', 0, 0, 0, 2)
INSERT [dbo].[Item] ([id], [date], [amount], [is_debit], [description], [category_id], [proportional], [exclude], [source]) VALUES (495, CAST(N'2018-10-31' AS Date), 20.8200, 1, N'MCL WHITEHALL WHITEHALL OH                   10/30', 8, 0, 0, 2)
INSERT [dbo].[Item] ([id], [date], [amount], [is_debit], [description], [category_id], [proportional], [exclude], [source]) VALUES (496, CAST(N'2018-10-30' AS Date), 116.0000, 1, N'ROSEHILL VETERINARY H REYNOLDSBURG OH        10/30', 0, 0, 0, 2)
INSERT [dbo].[Item] ([id], [date], [amount], [is_debit], [description], [category_id], [proportional], [exclude], [source]) VALUES (262, CAST(N'2018-10-17' AS Date), 82.3700, 0, N'PAYMENT FROM AUTO BILLP CINCINNATI   OH', 0, 0, 1, 4)
INSERT [dbo].[Item] ([id], [date], [amount], [is_debit], [description], [category_id], [proportional], [exclude], [source]) VALUES (263, CAST(N'2018-10-10' AS Date), 1.1800, 1, N'INTERNATIONAL TRANSACT ON FEE', 19, 0, 0, 4)
INSERT [dbo].[Item] ([id], [date], [amount], [is_debit], [description], [category_id], [proportional], [exclude], [source]) VALUES (264, CAST(N'2018-10-10' AS Date), 1.9900, 1, N'MICROSOFT   *ONEDRIVE   MSBILL.INFO  WA', 19, 0, 0, 4)
INSERT [dbo].[Item] ([id], [date], [amount], [is_debit], [description], [category_id], [proportional], [exclude], [source]) VALUES (265, CAST(N'2018-10-10' AS Date), 39.2500, 1, N'www.gmbill.com   Amsterdam    NL', 19, 0, 0, 4)
INSERT [dbo].[Item] ([id], [date], [amount], [is_debit], [description], [category_id], [proportional], [exclude], [source]) VALUES (266, CAST(N'2018-10-01' AS Date), 39.9500, 1, N'GREEN GEEKS   8773267483   CA', 19, 0, 0, 4)
INSERT [dbo].[Item] ([id], [date], [amount], [is_debit], [description], [category_id], [proportional], [exclude], [source]) VALUES (267, CAST(N'2018-10-14' AS Date), 10.7300, 1, N'GOOGLE *Google Storage', 19, 0, 0, 6)
INSERT [dbo].[Item] ([id], [date], [amount], [is_debit], [description], [category_id], [proportional], [exclude], [source]) VALUES (268, CAST(N'2018-10-05' AS Date), 153.2700, 1, N'ARTSCOW.COM', 62, 0, 0, 6)
INSERT [dbo].[Item] ([id], [date], [amount], [is_debit], [description], [category_id], [proportional], [exclude], [source]) VALUES (269, CAST(N'2018-10-03' AS Date), 201.0500, 0, N'Payment Thank You - Web', 0, 0, 1, 6)
INSERT [dbo].[Item] ([id], [date], [amount], [is_debit], [description], [category_id], [proportional], [exclude], [source]) VALUES (270, CAST(N'2018-10-02' AS Date), 27.0000, 1, N'LATE FEE', 63, 0, 0, 5)
INSERT [dbo].[Item] ([id], [date], [amount], [is_debit], [description], [category_id], [proportional], [exclude], [source]) VALUES (271, CAST(N'2018-10-03' AS Date), 848.5200, 0, N'ONLINE PAYMENT - THANK YOU', 0, 0, 1, 5)
INSERT [dbo].[Item] ([id], [date], [amount], [is_debit], [description], [category_id], [proportional], [exclude], [source]) VALUES (272, CAST(N'2018-10-08' AS Date), 16.5900, 1, N'Interest Charge on Pay Over Time Purchases', 63, 0, 0, 5)
INSERT [dbo].[Item] ([id], [date], [amount], [is_debit], [description], [category_id], [proportional], [exclude], [source]) VALUES (273, CAST(N'2018-10-17' AS Date), 13.7800, 1, N'AMAZON MKTPLACE PMTS - SEATTLE, WA', 17, 0, 0, 5)
INSERT [dbo].[Item] ([id], [date], [amount], [is_debit], [description], [category_id], [proportional], [exclude], [source]) VALUES (274, CAST(N'2018-10-17' AS Date), 13.7800, 0, N'AMAZON SHOP WITH POINTS CREDIT', 0, 0, 1, 5)
INSERT [dbo].[Item] ([id], [date], [amount], [is_debit], [description], [category_id], [proportional], [exclude], [source]) VALUES (275, CAST(N'2018-10-22' AS Date), 100.0000, 1, N'AMAZON.COM*M851P4NG2 - AMZN.COM/BILL, WA', 48, 0, 0, 5)
INSERT [dbo].[Item] ([id], [date], [amount], [is_debit], [description], [category_id], [proportional], [exclude], [source]) VALUES (276, CAST(N'2018-10-19' AS Date), 14.9500, 1, N'USA*SIGNALSVIPINSIDER    xxx-xxx7673  OH', 48, 0, 0, 3)
INSERT [dbo].[Item] ([id], [date], [amount], [is_debit], [description], [category_id], [proportional], [exclude], [source]) VALUES (277, CAST(N'2018-10-19' AS Date), 0.6500, 1, N'INTEREST CHARGED ON PURCHASES', 63, 0, 0, 3)
INSERT [dbo].[Item] ([id], [date], [amount], [is_debit], [description], [category_id], [proportional], [exclude], [source]) VALUES (278, CAST(N'2018-10-18' AS Date), 76.1100, 0, N'BA ELECTRONIC PAYMENT', 0, 0, 1, 3)
INSERT [dbo].[Item] ([id], [date], [amount], [is_debit], [description], [category_id], [proportional], [exclude], [source]) VALUES (279, CAST(N'2018-10-01' AS Date), 47.9600, 1, N'ROSEHILL VETERINARY HOSP REYNOLDSBURG OH', 56, 0, 0, 3)
INSERT [dbo].[Item] ([id], [date], [amount], [is_debit], [description], [category_id], [proportional], [exclude], [source]) VALUES (280, CAST(N'2018-10-24' AS Date), 26.5800, 1, N'POS DEBIT                HARVEST MOON CAFE         CANAL WINCHE OH', 8, 0, 0, 2)
INSERT [dbo].[Item] ([id], [date], [amount], [is_debit], [description], [category_id], [proportional], [exclude], [source]) VALUES (281, CAST(N'2018-10-24' AS Date), 8.0000, 1, N'POS DEBIT                CORNER SMITHS             CANAL WINCHE OH', 48, 0, 0, 2)
INSERT [dbo].[Item] ([id], [date], [amount], [is_debit], [description], [category_id], [proportional], [exclude], [source]) VALUES (282, CAST(N'2018-10-24' AS Date), 35.9500, 1, N'POS DEBIT                RESCHS BAKERY            COLUMBUS      OH', 48, 0, 0, 2)
INSERT [dbo].[Item] ([id], [date], [amount], [is_debit], [description], [category_id], [proportional], [exclude], [source]) VALUES (283, CAST(N'2018-10-24' AS Date), 9.5800, 1, N'POS DEBIT                HONEYBAKED HAM  #8410    COLUMBUS      OH', 8, 0, 0, 2)
INSERT [dbo].[Item] ([id], [date], [amount], [is_debit], [description], [category_id], [proportional], [exclude], [source]) VALUES (284, CAST(N'2018-10-22' AS Date), 30.0000, 1, N'CHECK 2013  ', 59, 0, 0, 2)
INSERT [dbo].[Item] ([id], [date], [amount], [is_debit], [description], [category_id], [proportional], [exclude], [source]) VALUES (285, CAST(N'2018-10-22' AS Date), 90.0000, 1, N'CHECK 2012  ', 67, 0, 0, 2)
INSERT [dbo].[Item] ([id], [date], [amount], [is_debit], [description], [category_id], [proportional], [exclude], [source]) VALUES (286, CAST(N'2018-10-22' AS Date), 35.5600, 1, N'CVS/PHARM 03412--3307 WHITEHALL OH           10/22 Purchase $15.56 Cash Back $20.00', 42, 0, 0, 2)
INSERT [dbo].[Item] ([id], [date], [amount], [is_debit], [description], [category_id], [proportional], [exclude], [source]) VALUES (287, CAST(N'2018-10-22' AS Date), 60.0000, 1, N'TRANSFER TO SAV XXXXX8490 10/22', 61, 0, 0, 2)
INSERT [dbo].[Item] ([id], [date], [amount], [is_debit], [description], [category_id], [proportional], [exclude], [source]) VALUES (288, CAST(N'2018-10-22' AS Date), 213.5300, 1, N'TARGET        00019729 WHITEHALL OH          10/19', 7, 0, 0, 2)
INSERT [dbo].[Item] ([id], [date], [amount], [is_debit], [description], [category_id], [proportional], [exclude], [source]) VALUES (289, CAST(N'2018-10-19' AS Date), 100.0000, 1, N'ATM WITHDRAWAL                       000298  10/193200 E BR', 64, 0, 0, 2)
INSERT [dbo].[Item] ([id], [date], [amount], [is_debit], [description], [category_id], [proportional], [exclude], [source]) VALUES (290, CAST(N'2018-10-19' AS Date), 16.5500, 1, N'APPLEBEES 914498291446 COLUMBUS OH           10/18', 8, 0, 0, 2)
INSERT [dbo].[Item] ([id], [date], [amount], [is_debit], [description], [category_id], [proportional], [exclude], [source]) VALUES (291, CAST(N'2018-10-19' AS Date), 1451.2100, 0, N'NATIONAL CHURCH  DIRECT DEP                 PPD ID: 9111111103', 5, 0, 0, 2)
INSERT [dbo].[Item] ([id], [date], [amount], [is_debit], [description], [category_id], [proportional], [exclude], [source]) VALUES (292, CAST(N'2018-10-19' AS Date), 17.1800, 0, N'TARGET T- 3955 E Broad WHITEHALL OH          10/19', 7, 0, 0, 2)
INSERT [dbo].[Item] ([id], [date], [amount], [is_debit], [description], [category_id], [proportional], [exclude], [source]) VALUES (293, CAST(N'2018-10-19' AS Date), 182.0800, 0, N'ATM CHECK DEPOSIT 10/19 3200 E BROAD ST COLUMBUS OH', 65, 0, 0, 2)
INSERT [dbo].[Item] ([id], [date], [amount], [is_debit], [description], [category_id], [proportional], [exclude], [source]) VALUES (294, CAST(N'2018-10-18' AS Date), 25.7700, 1, N'BP#8863458DLR MAIN ST B COLUMBUS OH          10/17', 21, 0, 0, 2)
INSERT [dbo].[Item] ([id], [date], [amount], [is_debit], [description], [category_id], [proportional], [exclude], [source]) VALUES (295, CAST(N'2018-10-18' AS Date), 7.4300, 1, N'ARBYS 6605 GAHANNA OH                        10/17', 8, 0, 0, 2)
INSERT [dbo].[Item] ([id], [date], [amount], [is_debit], [description], [category_id], [proportional], [exclude], [source]) VALUES (296, CAST(N'2018-10-18' AS Date), 19.6400, 1, N'SKYLINE CHILI #37 GAHANNA OH                 10/17', 8, 0, 0, 2)
INSERT [dbo].[Item] ([id], [date], [amount], [is_debit], [description], [category_id], [proportional], [exclude], [source]) VALUES (297, CAST(N'2018-10-17' AS Date), 12.0000, 1, N'MONTHLY SERVICE FEE', 63, 0, 0, 2)
INSERT [dbo].[Item] ([id], [date], [amount], [is_debit], [description], [category_id], [proportional], [exclude], [source]) VALUES (298, CAST(N'2018-10-17' AS Date), 18.3500, 1, N'BOSTON MARKET 0035 BEXLEY OH                 10/16', 8, 0, 0, 2)
GO
INSERT [dbo].[Item] ([id], [date], [amount], [is_debit], [description], [category_id], [proportional], [exclude], [source]) VALUES (299, CAST(N'2018-10-17' AS Date), 10.0000, 1, N'PANERA BREAD #204757 COLUMBUS OH             10/16', 8, 0, 0, 2)
INSERT [dbo].[Item] ([id], [date], [amount], [is_debit], [description], [category_id], [proportional], [exclude], [source]) VALUES (300, CAST(N'2018-10-16' AS Date), 36.9300, 1, N'#05 RUSTY BUCKET BEXLEY COLUMBUS OH          10/14', 8, 0, 0, 2)
INSERT [dbo].[Item] ([id], [date], [amount], [is_debit], [description], [category_id], [proportional], [exclude], [source]) VALUES (301, CAST(N'2018-10-15' AS Date), 60.1700, 1, N'TARGET T- 3955 E Broad Whitehall OH          10/15', 7, 0, 0, 2)
INSERT [dbo].[Item] ([id], [date], [amount], [is_debit], [description], [category_id], [proportional], [exclude], [source]) VALUES (302, CAST(N'2018-10-15' AS Date), 9.5000, 1, N'FRIENDS OF THE DREXEL BEXLEY OH              10/14', 53, 0, 0, 2)
INSERT [dbo].[Item] ([id], [date], [amount], [is_debit], [description], [category_id], [proportional], [exclude], [source]) VALUES (303, CAST(N'2018-10-15' AS Date), 8.0000, 1, N'FRIENDS OF THE DREXEL BEXLEY OH              10/14', 53, 0, 0, 2)
INSERT [dbo].[Item] ([id], [date], [amount], [is_debit], [description], [category_id], [proportional], [exclude], [source]) VALUES (304, CAST(N'2018-10-15' AS Date), 28.4100, 1, N'ROSS CLEANERS COLUMBUS OH                    10/12', 43, 0, 0, 2)
INSERT [dbo].[Item] ([id], [date], [amount], [is_debit], [description], [category_id], [proportional], [exclude], [source]) VALUES (305, CAST(N'2018-10-15' AS Date), 26.0500, 1, N'CITY BARBEQUE GAHANNA C GAHANNA OH           10/12', 8, 0, 0, 2)
INSERT [dbo].[Item] ([id], [date], [amount], [is_debit], [description], [category_id], [proportional], [exclude], [source]) VALUES (306, CAST(N'2018-10-15' AS Date), 6.9300, 1, N'WENDY''S #  0079 WHITEHALL OH                 10/12', 8, 0, 0, 2)
INSERT [dbo].[Item] ([id], [date], [amount], [is_debit], [description], [category_id], [proportional], [exclude], [source]) VALUES (307, CAST(N'2018-10-15' AS Date), 12.7200, 1, N'APPLEBEES 914498291446 COLUMBUS OH           10/11', 8, 0, 0, 2)
INSERT [dbo].[Item] ([id], [date], [amount], [is_debit], [description], [category_id], [proportional], [exclude], [source]) VALUES (308, CAST(N'2018-10-12' AS Date), 5.0000, 1, N'GOODWILL COLUMBUS  #9 COLUMBUS OH            10/12', 42, 0, 0, 2)
INSERT [dbo].[Item] ([id], [date], [amount], [is_debit], [description], [category_id], [proportional], [exclude], [source]) VALUES (309, CAST(N'2018-10-12' AS Date), 136.7000, 1, N'Wal-Mart Super Center WHITEHALL OH           10/12', 7, 0, 0, 2)
INSERT [dbo].[Item] ([id], [date], [amount], [is_debit], [description], [category_id], [proportional], [exclude], [source]) VALUES (310, CAST(N'2018-10-12' AS Date), 54.1700, 1, N'WAL-MART #5184 CANAL WINCHES OH              10/12', 7, 0, 0, 2)
INSERT [dbo].[Item] ([id], [date], [amount], [is_debit], [description], [category_id], [proportional], [exclude], [source]) VALUES (311, CAST(N'2018-10-12' AS Date), 44.9300, 1, N'OLD BAG OF NAILS P COLUMBUS OH               10/11', 8, 0, 0, 2)
INSERT [dbo].[Item] ([id], [date], [amount], [is_debit], [description], [category_id], [proportional], [exclude], [source]) VALUES (312, CAST(N'2018-10-11' AS Date), 14.9700, 1, N'MCL WHITEHALL WHITEHALL OH                   10/10', 8, 0, 0, 2)
INSERT [dbo].[Item] ([id], [date], [amount], [is_debit], [description], [category_id], [proportional], [exclude], [source]) VALUES (313, CAST(N'2018-10-10' AS Date), 14.0400, 1, N'PANERA BREAD #204793 CANAL WINCHES OH        10/09', 8, 0, 0, 2)
INSERT [dbo].[Item] ([id], [date], [amount], [is_debit], [description], [category_id], [proportional], [exclude], [source]) VALUES (314, CAST(N'2018-10-10' AS Date), 26.0800, 1, N'SPEEDWAY 09706 330 COLUMBUS OH               10/09', 21, 0, 0, 2)
INSERT [dbo].[Item] ([id], [date], [amount], [is_debit], [description], [category_id], [proportional], [exclude], [source]) VALUES (315, CAST(N'2018-10-09' AS Date), 90.0000, 1, N'CHECK 2011  ', 67, 0, 0, 2)
INSERT [dbo].[Item] ([id], [date], [amount], [is_debit], [description], [category_id], [proportional], [exclude], [source]) VALUES (316, CAST(N'2018-10-09' AS Date), 26.7400, 1, N'EL VAQUERO COLUMBUS OH                       10/08', 8, 0, 0, 2)
INSERT [dbo].[Item] ([id], [date], [amount], [is_debit], [description], [category_id], [proportional], [exclude], [source]) VALUES (317, CAST(N'2018-10-09' AS Date), 71.8000, 1, N'BILLY LEES CHINESE CUIS COLUMBUS OH          10/05', 8, 0, 0, 2)
INSERT [dbo].[Item] ([id], [date], [amount], [is_debit], [description], [category_id], [proportional], [exclude], [source]) VALUES (318, CAST(N'2018-10-09' AS Date), 23.4100, 1, N'ROSS CLEANERS COLUMBUS OH                    10/05', 43, 0, 0, 2)
INSERT [dbo].[Item] ([id], [date], [amount], [is_debit], [description], [category_id], [proportional], [exclude], [source]) VALUES (319, CAST(N'2018-10-09' AS Date), 21.2200, 1, N'OLD BAG OF NAILS P COLUMBUS OH               10/05', 8, 0, 0, 2)
INSERT [dbo].[Item] ([id], [date], [amount], [is_debit], [description], [category_id], [proportional], [exclude], [source]) VALUES (320, CAST(N'2018-10-09' AS Date), 18.0900, 1, N'MAX & ERMA''S GAHANNA 406-8625228 OH          10/04', 8, 0, 0, 2)
INSERT [dbo].[Item] ([id], [date], [amount], [is_debit], [description], [category_id], [proportional], [exclude], [source]) VALUES (321, CAST(N'2018-10-05' AS Date), 78.6800, 1, N'KROGER 897 WHITEHALL OH              804023  10/05', 7, 0, 0, 2)
INSERT [dbo].[Item] ([id], [date], [amount], [is_debit], [description], [category_id], [proportional], [exclude], [source]) VALUES (322, CAST(N'2018-10-05' AS Date), 100.0000, 1, N'ATM WITHDRAWAL                       003594  10/053200 E BR', 64, 0, 0, 2)
INSERT [dbo].[Item] ([id], [date], [amount], [is_debit], [description], [category_id], [proportional], [exclude], [source]) VALUES (323, CAST(N'2018-10-05' AS Date), 1451.2200, 0, N'NATIONAL CHURCH  DIRECT DEP                 PPD ID: 9111111103', 5, 0, 0, 2)
INSERT [dbo].[Item] ([id], [date], [amount], [is_debit], [description], [category_id], [proportional], [exclude], [source]) VALUES (324, CAST(N'2018-10-05' AS Date), 75.0000, 0, N'ATM CHECK DEPOSIT 10/05 3200 E BROAD ST COLUMBUS OH', 65, 0, 0, 2)
INSERT [dbo].[Item] ([id], [date], [amount], [is_debit], [description], [category_id], [proportional], [exclude], [source]) VALUES (325, CAST(N'2018-10-04' AS Date), 36.0300, 1, N'MAD GREEK COLUMBUS OH                        10/03', 8, 0, 0, 2)
INSERT [dbo].[Item] ([id], [date], [amount], [is_debit], [description], [category_id], [proportional], [exclude], [source]) VALUES (326, CAST(N'2018-10-03' AS Date), 14.0000, 1, N'PANERA BREAD #204793 CANAL WINCHES OH        10/02', 8, 0, 0, 2)
INSERT [dbo].[Item] ([id], [date], [amount], [is_debit], [description], [category_id], [proportional], [exclude], [source]) VALUES (327, CAST(N'2018-10-02' AS Date), 45.5400, 1, N'NATIONWIDE PET INS 800-872-7387 CA           10/02', 60, 0, 0, 2)
INSERT [dbo].[Item] ([id], [date], [amount], [is_debit], [description], [category_id], [proportional], [exclude], [source]) VALUES (328, CAST(N'2018-10-01' AS Date), 83.0000, 1, N'CHECK 2009  ', 66, 0, 0, 2)
INSERT [dbo].[Item] ([id], [date], [amount], [is_debit], [description], [category_id], [proportional], [exclude], [source]) VALUES (329, CAST(N'2018-10-01' AS Date), 90.0000, 1, N'CHECK 2008  ', 67, 0, 0, 2)
INSERT [dbo].[Item] ([id], [date], [amount], [is_debit], [description], [category_id], [proportional], [exclude], [source]) VALUES (330, CAST(N'2018-10-01' AS Date), 28.2300, 1, N'SKYLINE CHILI #37 GAHANNA OH                 09/30', 8, 0, 0, 2)
INSERT [dbo].[Item] ([id], [date], [amount], [is_debit], [description], [category_id], [proportional], [exclude], [source]) VALUES (331, CAST(N'2018-10-01' AS Date), 110.6100, 1, N'KROGER 897 WHITEHALL OH              028828  09/29', 7, 0, 0, 2)
INSERT [dbo].[Item] ([id], [date], [amount], [is_debit], [description], [category_id], [proportional], [exclude], [source]) VALUES (332, CAST(N'2018-10-01' AS Date), 128.4900, 1, N'TARGET T- 3955 E Broad Whitehall OH          09/29', 7, 0, 0, 2)
INSERT [dbo].[Item] ([id], [date], [amount], [is_debit], [description], [category_id], [proportional], [exclude], [source]) VALUES (333, CAST(N'2018-10-01' AS Date), 7.7800, 1, N'WENDY''S #  1295 COLUMBUS OH                  09/28', 8, 0, 0, 2)
INSERT [dbo].[Item] ([id], [date], [amount], [is_debit], [description], [category_id], [proportional], [exclude], [source]) VALUES (334, CAST(N'2018-10-01' AS Date), 29.4200, 1, N'ROSS CLEANERS COLUMBUS OH                    09/28', 43, 0, 0, 2)
INSERT [dbo].[Item] ([id], [date], [amount], [is_debit], [description], [category_id], [proportional], [exclude], [source]) VALUES (335, CAST(N'2018-10-01' AS Date), 13.7400, 1, N'MCL WHITEHALL WHITEHALL OH                   09/28', 8, 0, 0, 2)
INSERT [dbo].[Item] ([id], [date], [amount], [is_debit], [description], [category_id], [proportional], [exclude], [source]) VALUES (336, CAST(N'2018-10-24' AS Date), 5.9500, 1, N'ONLINE BILL PMT ACH W/D: ONLINE BILL PMT 0000000000', 63, 0, 0, 1)
INSERT [dbo].[Item] ([id], [date], [amount], [is_debit], [description], [category_id], [proportional], [exclude], [source]) VALUES (337, CAST(N'2018-10-24' AS Date), 152.4800, 1, N'VERIZON WIRELESS ACH W/D: VERIZON WIRELESS 0000000000', 17, 0, 0, 1)
INSERT [dbo].[Item] ([id], [date], [amount], [is_debit], [description], [category_id], [proportional], [exclude], [source]) VALUES (338, CAST(N'2018-10-23' AS Date), 0.8500, 1, N'USA*CANTEEN FRANKLIN VEND COLUMBUS OH Debit Card W/D: Check Card 0000000000', 8, 0, 0, 1)
INSERT [dbo].[Item] ([id], [date], [amount], [is_debit], [description], [category_id], [proportional], [exclude], [source]) VALUES (339, CAST(N'2018-10-23' AS Date), 10.0000, 1, N'BP ASPCA GUARDIAN 800-628-0028 NY Bill Pmt W/D: #626507 0000000000', 6, 0, 0, 1)
INSERT [dbo].[Item] ([id], [date], [amount], [is_debit], [description], [category_id], [proportional], [exclude], [source]) VALUES (340, CAST(N'2018-10-22' AS Date), 13.6800, 1, N'LITTLE ROCK BAR COLUMBUS OH Debit Card W/D: Check Card 0000000000', 53, 0, 0, 1)
INSERT [dbo].[Item] ([id], [date], [amount], [is_debit], [description], [category_id], [proportional], [exclude], [source]) VALUES (341, CAST(N'2018-10-21' AS Date), 20.0000, 1, N'DWB*DOCTORS W/O BORDER 212-679-6800 NY Debit Card W/D: Check Card 0000000000', 6, 0, 0, 1)
INSERT [dbo].[Item] ([id], [date], [amount], [is_debit], [description], [category_id], [proportional], [exclude], [source]) VALUES (342, CAST(N'2018-10-21' AS Date), 14.6600, 1, N'SUBWAY 03010311 COLUMBUS OH Debit Card W/D: Check Card 0000000000', 8, 0, 0, 1)
INSERT [dbo].[Item] ([id], [date], [amount], [is_debit], [description], [category_id], [proportional], [exclude], [source]) VALUES (343, CAST(N'2018-10-20' AS Date), 36.3300, 1, N'BP#88633421259 E 5TH AVE COLUMBUS OH Debit Card W/D: Check Card 0000000000', 21, 0, 0, 1)
INSERT [dbo].[Item] ([id], [date], [amount], [is_debit], [description], [category_id], [proportional], [exclude], [source]) VALUES (344, CAST(N'2018-10-19' AS Date), 0.8500, 1, N'USA*CANTEEN FRANKLIN VEND COLUMBUS OH Debit Card W/D: Check Card 0000000000', 8, 0, 0, 1)
INSERT [dbo].[Item] ([id], [date], [amount], [is_debit], [description], [category_id], [proportional], [exclude], [source]) VALUES (345, CAST(N'2018-10-19' AS Date), 670.6700, 1, N'MYCUMORTGAGE ACH W/D: MYCUMORTGAGE 0000000000', 10, 0, 0, 1)
INSERT [dbo].[Item] ([id], [date], [amount], [is_debit], [description], [category_id], [proportional], [exclude], [source]) VALUES (346, CAST(N'2018-10-19' AS Date), 76.1100, 1, N'BK OF AMER VISA ACH W/D: BK OF AMER VISA 0000000000', 0, 0, 1, 1)
INSERT [dbo].[Item] ([id], [date], [amount], [is_debit], [description], [category_id], [proportional], [exclude], [source]) VALUES (347, CAST(N'2018-10-18' AS Date), 210.0000, 1, N'Department of Edu Bill Pmt W/D 0000000000', 44, 0, 0, 1)
INSERT [dbo].[Item] ([id], [date], [amount], [is_debit], [description], [category_id], [proportional], [exclude], [source]) VALUES (348, CAST(N'2018-10-18' AS Date), 11.8100, 1, N'BP NETFLIX COM LOS GATOS CA Bill Pmt W/D: #529821 0000000000', 53, 0, 0, 1)
INSERT [dbo].[Item] ([id], [date], [amount], [is_debit], [description], [category_id], [proportional], [exclude], [source]) VALUES (349, CAST(N'2018-10-18' AS Date), 82.3700, 1, N'5/3 CREDIT CARD ACH W/D: 5/3 CREDIT CARD 0000000000', 0, 0, 1, 1)
INSERT [dbo].[Item] ([id], [date], [amount], [is_debit], [description], [category_id], [proportional], [exclude], [source]) VALUES (350, CAST(N'2018-10-17' AS Date), 138.5200, 1, N'AEP ACH W/D: AEP 0000000000', 13, 0, 0, 1)
INSERT [dbo].[Item] ([id], [date], [amount], [is_debit], [description], [category_id], [proportional], [exclude], [source]) VALUES (351, CAST(N'2018-10-17' AS Date), 134.6500, 1, N'Lowes CC ACH W/D: Lowes CC 0000000000', 12, 0, 0, 1)
INSERT [dbo].[Item] ([id], [date], [amount], [is_debit], [description], [category_id], [proportional], [exclude], [source]) VALUES (352, CAST(N'2018-10-16' AS Date), 72.0000, 1, N'COLUMBIA GAS OH ACH W/D: COLUMBIA GAS OH 0000000000', 15, 0, 0, 1)
INSERT [dbo].[Item] ([id], [date], [amount], [is_debit], [description], [category_id], [proportional], [exclude], [source]) VALUES (353, CAST(N'2018-10-15' AS Date), 1000.0000, 1, N'Check W/D 3234', 12, 0, 0, 1)
INSERT [dbo].[Item] ([id], [date], [amount], [is_debit], [description], [category_id], [proportional], [exclude], [source]) VALUES (354, CAST(N'2018-10-15' AS Date), 2772.5900, 0, N'TECH ELEVATOR, I ACH Dep: TECH ELEVATOR, I 0000000000', 5, 0, 0, 1)
INSERT [dbo].[Item] ([id], [date], [amount], [is_debit], [description], [category_id], [proportional], [exclude], [source]) VALUES (355, CAST(N'2018-10-14' AS Date), 35.3800, 1, N'LOWES #01211* COLUMBUS OH Debit Card W/D: Check Card 0000000000', 12, 0, 0, 1)
INSERT [dbo].[Item] ([id], [date], [amount], [is_debit], [description], [category_id], [proportional], [exclude], [source]) VALUES (356, CAST(N'2018-10-13' AS Date), 56.8100, 1, N'LOWES #01211* COLUMBUS OH Debit Card W/D: Check Card 0000000000', 12, 0, 0, 1)
INSERT [dbo].[Item] ([id], [date], [amount], [is_debit], [description], [category_id], [proportional], [exclude], [source]) VALUES (357, CAST(N'2018-10-13' AS Date), 7.4800, 1, N'SUBWAY 00429704 COLUMBUS OH Debit Card W/D: Check Card 0000000000', 8, 0, 0, 1)
INSERT [dbo].[Item] ([id], [date], [amount], [is_debit], [description], [category_id], [proportional], [exclude], [source]) VALUES (358, CAST(N'2018-10-12' AS Date), 8.2200, 1, N'BURGER KING #22487 COLUMBUS OH Debit Card W/D: Check Card 0000000000', 8, 0, 0, 1)
INSERT [dbo].[Item] ([id], [date], [amount], [is_debit], [description], [category_id], [proportional], [exclude], [source]) VALUES (359, CAST(N'2018-10-11' AS Date), 40.0000, 1, N'DOCTORS W/O BORDERS 212-679-6800 NY Debit Card W/D: Check Card 0000000000', 6, 0, 0, 1)
INSERT [dbo].[Item] ([id], [date], [amount], [is_debit], [description], [category_id], [proportional], [exclude], [source]) VALUES (360, CAST(N'2018-10-11' AS Date), 20.0000, 1, N'Check W/D 50582', 6, 0, 0, 1)
INSERT [dbo].[Item] ([id], [date], [amount], [is_debit], [description], [category_id], [proportional], [exclude], [source]) VALUES (361, CAST(N'2018-10-11' AS Date), 20.0000, 1, N'Check W/D 50580', 6, 0, 0, 1)
INSERT [dbo].[Item] ([id], [date], [amount], [is_debit], [description], [category_id], [proportional], [exclude], [source]) VALUES (362, CAST(N'2018-10-10' AS Date), 500.0000, 1, N'ATM BMI FCU 760 KINNEAR RD COLUMBUS OH ATM W/D: #001945 0000000000', 12, 0, 0, 1)
INSERT [dbo].[Item] ([id], [date], [amount], [is_debit], [description], [category_id], [proportional], [exclude], [source]) VALUES (363, CAST(N'2018-10-09' AS Date), 4.9900, 1, N'BP BLUEMOUNTAIN*1008-1107 888-254-1450 Bill Pmt W/D: #289108 0000000000', 19, 0, 0, 1)
INSERT [dbo].[Item] ([id], [date], [amount], [is_debit], [description], [category_id], [proportional], [exclude], [source]) VALUES (364, CAST(N'2018-10-08' AS Date), 36.6200, 1, N'SUNOCO 0327615100 COLUMBUS OH Debit Card W/D: Check Card 0000000000', 21, 0, 0, 1)
INSERT [dbo].[Item] ([id], [date], [amount], [is_debit], [description], [category_id], [proportional], [exclude], [source]) VALUES (365, CAST(N'2018-10-05' AS Date), 10.9600, 1, N'COOLSTUFFINC.COM LLC 407-695-6554 FL Debit Card W/D: Check Card 0000000000', 62, 0, 0, 1)
INSERT [dbo].[Item] ([id], [date], [amount], [is_debit], [description], [category_id], [proportional], [exclude], [source]) VALUES (366, CAST(N'2018-10-05' AS Date), 670.6600, 1, N'MYCUMORTGAGE ACH W/D: MYCUMORTGAGE 0000000000', 10, 0, 0, 1)
INSERT [dbo].[Item] ([id], [date], [amount], [is_debit], [description], [category_id], [proportional], [exclude], [source]) VALUES (367, CAST(N'2018-10-04' AS Date), 25.0000, 1, N'Check W/D 50581', 6, 0, 0, 1)
INSERT [dbo].[Item] ([id], [date], [amount], [is_debit], [description], [category_id], [proportional], [exclude], [source]) VALUES (368, CAST(N'2018-10-04' AS Date), 10.0000, 1, N'NEST LABS 855-469-6378 CA Debit Card W/D: Check Card 0000000000', 19, 0, 0, 1)
INSERT [dbo].[Item] ([id], [date], [amount], [is_debit], [description], [category_id], [proportional], [exclude], [source]) VALUES (369, CAST(N'2018-10-04' AS Date), 79.2300, 1, N'TARGET 00019729 WHITEHALL OH Debit Card W/D: Check Card 0000000000', 7, 0, 0, 1)
INSERT [dbo].[Item] ([id], [date], [amount], [is_debit], [description], [category_id], [proportional], [exclude], [source]) VALUES (370, CAST(N'2018-10-04' AS Date), 848.5200, 1, N'AMEX EPAYMENT ACH W/D: AMEX EPAYMENT 0000000000', 0, 0, 1, 1)
INSERT [dbo].[Item] ([id], [date], [amount], [is_debit], [description], [category_id], [proportional], [exclude], [source]) VALUES (371, CAST(N'2018-10-04' AS Date), 201.0500, 1, N'CHASE CREDIT CRD ACH W/D: CHASE CREDIT CRD 0000000000', 0, 0, 1, 1)
INSERT [dbo].[Item] ([id], [date], [amount], [is_debit], [description], [category_id], [proportional], [exclude], [source]) VALUES (372, CAST(N'2018-10-03' AS Date), 75.5000, 1, N'GRANGE INSURANCE ACH W/D: GRANGE INSURANCE 0000000000', 37, 0, 0, 1)
INSERT [dbo].[Item] ([id], [date], [amount], [is_debit], [description], [category_id], [proportional], [exclude], [source]) VALUES (373, CAST(N'2018-10-02' AS Date), 69.5600, 1, N'DISPATCH SUBSCRIPTION 877-7347728 OH Debit Card W/D: Check Card 0000000000', 55, 0, 0, 1)
INSERT [dbo].[Item] ([id], [date], [amount], [is_debit], [description], [category_id], [proportional], [exclude], [source]) VALUES (374, CAST(N'2018-10-02' AS Date), 0.8500, 1, N'USA*CANTEEN FRANKLIN VEND COLUMBUS OH Debit Card W/D: Check Card 0000000000', 8, 0, 0, 1)
INSERT [dbo].[Item] ([id], [date], [amount], [is_debit], [description], [category_id], [proportional], [exclude], [source]) VALUES (375, CAST(N'2018-10-02' AS Date), 92.8400, 1, N'Goodyear Credit Bill Pmt W/D 0000000000', 24, 0, 0, 1)
INSERT [dbo].[Item] ([id], [date], [amount], [is_debit], [description], [category_id], [proportional], [exclude], [source]) VALUES (376, CAST(N'2018-10-02' AS Date), 48.8200, 1, N'ATT ACH W/D: ATT 0000000000', 17, 0, 0, 1)
INSERT [dbo].[Item] ([id], [date], [amount], [is_debit], [description], [category_id], [proportional], [exclude], [source]) VALUES (377, CAST(N'2018-10-02' AS Date), 20.0000, 1, N'PAYPAL ACH W/D: PAYPAL 0000000000', 6, 0, 0, 1)
INSERT [dbo].[Item] ([id], [date], [amount], [is_debit], [description], [category_id], [proportional], [exclude], [source]) VALUES (378, CAST(N'2018-10-01' AS Date), 2588.7000, 1, N'Check W/D 3314', 34, 0, 0, 1)
INSERT [dbo].[Item] ([id], [date], [amount], [is_debit], [description], [category_id], [proportional], [exclude], [source]) VALUES (379, CAST(N'2018-10-01' AS Date), 770.0000, 1, N'To Share 32 XFR W/D: To Share 32 0000000000', 61, 0, 0, 1)
INSERT [dbo].[Item] ([id], [date], [amount], [is_debit], [description], [category_id], [proportional], [exclude], [source]) VALUES (380, CAST(N'2018-10-01' AS Date), 1551.3900, 0, N'BENEFIT PAYMENTS ACH Dep: BENEFIT PAYMENTS 0000000000', 4, 0, 0, 1)
INSERT [dbo].[Item] ([id], [date], [amount], [is_debit], [description], [category_id], [proportional], [exclude], [source]) VALUES (392, CAST(N'2018-10-15' AS Date), 39.5800, 1, N'American Funds', 45, 0, 0, 7)
INSERT [dbo].[Item] ([id], [date], [amount], [is_debit], [description], [category_id], [proportional], [exclude], [source]) VALUES (393, CAST(N'2018-10-15' AS Date), 28.1300, 1, N'Bexley School District', 70, 0, 0, 7)
INSERT [dbo].[Item] ([id], [date], [amount], [is_debit], [description], [category_id], [proportional], [exclude], [source]) VALUES (394, CAST(N'2018-10-15' AS Date), 95.4200, 1, N'Columbus City Tax', 70, 0, 0, 7)
INSERT [dbo].[Item] ([id], [date], [amount], [is_debit], [description], [category_id], [proportional], [exclude], [source]) VALUES (395, CAST(N'2018-10-15' AS Date), 15.9400, 1, N'Dental Insurance', 34, 0, 0, 7)
INSERT [dbo].[Item] ([id], [date], [amount], [is_debit], [description], [category_id], [proportional], [exclude], [source]) VALUES (396, CAST(N'2018-10-15' AS Date), 719.8800, 1, N'Federal Income Tax', 68, 0, 0, 7)
INSERT [dbo].[Item] ([id], [date], [amount], [is_debit], [description], [category_id], [proportional], [exclude], [source]) VALUES (397, CAST(N'2018-10-15' AS Date), 125.0000, 1, N'HCSA', 73, 0, 0, 7)
INSERT [dbo].[Item] ([id], [date], [amount], [is_debit], [description], [category_id], [proportional], [exclude], [source]) VALUES (398, CAST(N'2018-10-15' AS Date), 55.3400, 1, N'Medicare', 72, 0, 0, 7)
INSERT [dbo].[Item] ([id], [date], [amount], [is_debit], [description], [category_id], [proportional], [exclude], [source]) VALUES (399, CAST(N'2018-10-15' AS Date), 169.1000, 1, N'Ohio State Tax', 69, 0, 0, 7)
INSERT [dbo].[Item] ([id], [date], [amount], [is_debit], [description], [category_id], [proportional], [exclude], [source]) VALUES (400, CAST(N'2018-10-15' AS Date), 236.6300, 1, N'Social Security', 71, 0, 0, 7)
INSERT [dbo].[Item] ([id], [date], [amount], [is_debit], [description], [category_id], [proportional], [exclude], [source]) VALUES (401, CAST(N'2018-10-15' AS Date), 181.2400, 0, N'Tech Elevator Salary - Deductions', 5, 0, 0, 7)
INSERT [dbo].[Item] ([id], [date], [amount], [is_debit], [description], [category_id], [proportional], [exclude], [source]) VALUES (402, CAST(N'2018-10-15' AS Date), 1304.5000, 0, N'Tech Elevator Salary - Taxes', 5, 0, 0, 7)
INSERT [dbo].[Item] ([id], [date], [amount], [is_debit], [description], [category_id], [proportional], [exclude], [source]) VALUES (403, CAST(N'2018-10-15' AS Date), 0.7200, 1, N'Vision Insurance', 34, 0, 0, 7)
INSERT [dbo].[Item] ([id], [date], [amount], [is_debit], [description], [category_id], [proportional], [exclude], [source]) VALUES (405, CAST(N'2018-10-23' AS Date), 270.7000, 1, N'J ALEXANDER''S 02000347', 48, 0, 0, 6)
INSERT [dbo].[Item] ([id], [date], [amount], [is_debit], [description], [category_id], [proportional], [exclude], [source]) VALUES (406, CAST(N'2018-10-23' AS Date), 12.8900, 1, N'AMZN Drive*M84J51NO0', 19, 0, 0, 6)
INSERT [dbo].[Item] ([id], [date], [amount], [is_debit], [description], [category_id], [proportional], [exclude], [source]) VALUES (407, CAST(N'2018-10-26' AS Date), 168.1500, 1, N'TARGET T- 3955 E Broad Whitehall OH          10/26', 7, 0, 0, 2)
INSERT [dbo].[Item] ([id], [date], [amount], [is_debit], [description], [category_id], [proportional], [exclude], [source]) VALUES (408, CAST(N'2018-10-26' AS Date), 42.9900, 1, N'BARNESNOBLE 4005 Towns COLUMBUS OH   511416  10/26', 43, 0, 0, 2)
INSERT [dbo].[Item] ([id], [date], [amount], [is_debit], [description], [category_id], [proportional], [exclude], [source]) VALUES (409, CAST(N'2018-10-26' AS Date), 51.0100, 1, N'LOWE''S #1211 COLUMBUS OH             480174  10/26', 42, 0, 0, 2)
INSERT [dbo].[Item] ([id], [date], [amount], [is_debit], [description], [category_id], [proportional], [exclude], [source]) VALUES (410, CAST(N'2018-10-26' AS Date), 22.0600, 1, N'MCL WHITEHALL WHITEHALL OH                   10/25', 8, 0, 0, 2)
GO
INSERT [dbo].[Item] ([id], [date], [amount], [is_debit], [description], [category_id], [proportional], [exclude], [source]) VALUES (411, CAST(N'2018-10-25' AS Date), 83.0000, 1, N'CHECK 2014  ', 66, 0, 0, 2)
INSERT [dbo].[Item] ([id], [date], [amount], [is_debit], [description], [category_id], [proportional], [exclude], [source]) VALUES (412, CAST(N'2018-10-25' AS Date), 350.0000, 1, N'THE DOGGY DEN LLC COLUMBUS OH                10/25', 59, 0, 0, 2)
INSERT [dbo].[Item] ([id], [date], [amount], [is_debit], [description], [category_id], [proportional], [exclude], [source]) VALUES (413, CAST(N'2018-10-25' AS Date), 34.8000, 1, N'NATIONWIDE PET INS 800-872-7387 CA           10/25', 60, 0, 0, 2)
INSERT [dbo].[Item] ([id], [date], [amount], [is_debit], [description], [category_id], [proportional], [exclude], [source]) VALUES (414, CAST(N'2018-10-25' AS Date), 31.5800, 1, N'HARVEST MOON CAFE CANAL WINCHES OH           10/24', 8, 0, 0, 2)
INSERT [dbo].[Item] ([id], [date], [amount], [is_debit], [description], [category_id], [proportional], [exclude], [source]) VALUES (415, CAST(N'2018-10-25' AS Date), 8.0000, 1, N'CORNER SMITHS CANAL WINCHES OH               10/24', 48, 0, 0, 2)
INSERT [dbo].[Item] ([id], [date], [amount], [is_debit], [description], [category_id], [proportional], [exclude], [source]) VALUES (416, CAST(N'2018-10-25' AS Date), 9.5800, 1, N'HONEYBAKED HAM  #8410 Columbus OH            10/23', 8, 0, 0, 2)
INSERT [dbo].[Item] ([id], [date], [amount], [is_debit], [description], [category_id], [proportional], [exclude], [source]) VALUES (417, CAST(N'2018-10-24' AS Date), 35.9500, 1, N'RESCHS BAKERY COLUMBUS OH                    10/23', 48, 0, 0, 2)
INSERT [dbo].[Item] ([id], [date], [amount], [is_debit], [description], [category_id], [proportional], [exclude], [source]) VALUES (418, CAST(N'2018-10-28' AS Date), 29.0100, 1, N'ADVANCE AUTO PARTS #7524 COLUMBUS OH Debit Card W/D: Check Card 0000000000', 26, 0, 0, 1)
INSERT [dbo].[Item] ([id], [date], [amount], [is_debit], [description], [category_id], [proportional], [exclude], [source]) VALUES (419, CAST(N'2018-10-27' AS Date), 12.0300, 1, N'SUBWAY 00429704 COLUMBUS OH Debit Card W/D: Check Card 0000000000', 8, 0, 0, 1)
INSERT [dbo].[Item] ([id], [date], [amount], [is_debit], [description], [category_id], [proportional], [exclude], [source]) VALUES (420, CAST(N'2018-10-27' AS Date), 16.1100, 1, N'BP TIV*TIVO SERVICE 877-367-8486 CA Bill Pmt W/D: #991315 0000000000', 18, 0, 0, 1)
INSERT [dbo].[Item] ([id], [date], [amount], [is_debit], [description], [category_id], [proportional], [exclude], [source]) VALUES (421, CAST(N'2018-10-27' AS Date), 20.0000, 1, N'BP BB *SPLC DONATION WWW.SPLCENTER AL Bill Pmt W/D: #327958 0000000000', 6, 0, 0, 1)
INSERT [dbo].[Item] ([id], [date], [amount], [is_debit], [description], [category_id], [proportional], [exclude], [source]) VALUES (422, CAST(N'2018-10-26' AS Date), 27.0000, 1, N'JACKSON1 ACH W/D: JACKSON1 0000000000', 38, 0, 0, 1)
INSERT [dbo].[Item] ([id], [date], [amount], [is_debit], [description], [category_id], [proportional], [exclude], [source]) VALUES (423, CAST(N'2018-10-25' AS Date), 20.0000, 1, N'Check W/D 50584', 6, 0, 0, 1)
INSERT [dbo].[Item] ([id], [date], [amount], [is_debit], [description], [category_id], [proportional], [exclude], [source]) VALUES (424, CAST(N'2018-10-25' AS Date), 20.0000, 1, N'Check W/D 50583', 6, 0, 0, 1)
INSERT [dbo].[Item] ([id], [date], [amount], [is_debit], [description], [category_id], [proportional], [exclude], [source]) VALUES (425, CAST(N'2018-10-25' AS Date), 314.0200, 1, N'OH City of Bexley 614-5594200 OH Debit Card W/D: Check Card 0000000000', 14, 0, 0, 1)
INSERT [dbo].[Item] ([id], [date], [amount], [is_debit], [description], [category_id], [proportional], [exclude], [source]) VALUES (426, CAST(N'2018-10-25' AS Date), 7.8200, 1, N'eGov Service Fee 877-6343468 IN Debit Card W/D: Check Card 0000000000', 14, 0, 0, 1)
INSERT [dbo].[Item] ([id], [date], [amount], [is_debit], [description], [category_id], [proportional], [exclude], [source]) VALUES (497, CAST(N'2018-10-30' AS Date), 10.5800, 1, N'2 PIADA BEXLEY COLUMBUS OH                   10/29', 0, 0, 0, 2)
INSERT [dbo].[Item] ([id], [date], [amount], [is_debit], [description], [category_id], [proportional], [exclude], [source]) VALUES (498, CAST(N'2018-10-29' AS Date), 30.0000, 1, N'CHECK 2016  ', 0, 0, 0, 2)
INSERT [dbo].[Item] ([id], [date], [amount], [is_debit], [description], [category_id], [proportional], [exclude], [source]) VALUES (499, CAST(N'2018-10-29' AS Date), 90.0000, 1, N'CHECK 2015  ', 0, 0, 0, 2)
INSERT [dbo].[Item] ([id], [date], [amount], [is_debit], [description], [category_id], [proportional], [exclude], [source]) VALUES (500, CAST(N'2018-10-29' AS Date), 44.2000, 1, N'LOWE''S #1211 COLUMBUS OH             023863  10/27', 42, 0, 0, 2)
INSERT [dbo].[Item] ([id], [date], [amount], [is_debit], [description], [category_id], [proportional], [exclude], [source]) VALUES (501, CAST(N'2018-10-29' AS Date), 56.8700, 1, N'BEXLEY MK 2250 East Ma Bexley OH             10/27', 0, 0, 0, 2)
INSERT [dbo].[Item] ([id], [date], [amount], [is_debit], [description], [category_id], [proportional], [exclude], [source]) VALUES (502, CAST(N'2018-10-29' AS Date), 19.1900, 1, N'SKYLINE CHILI #37 GAHANNA OH                 10/26', 8, 0, 0, 2)
INSERT [dbo].[Item] ([id], [date], [amount], [is_debit], [description], [category_id], [proportional], [exclude], [source]) VALUES (503, CAST(N'2018-10-29' AS Date), 9.4300, 1, N'MOD PIZZA - COLUMB COLUMBUS OH               10/26', 0, 0, 0, 2)
INSERT [dbo].[Item] ([id], [date], [amount], [is_debit], [description], [category_id], [proportional], [exclude], [source]) VALUES (504, CAST(N'2018-10-29' AS Date), 16.8400, 1, N'SQ *THE WITTEN FARM MAR Gahanna OH           10/26', 0, 0, 0, 2)
INSERT [dbo].[Item] ([id], [date], [amount], [is_debit], [description], [category_id], [proportional], [exclude], [source]) VALUES (505, CAST(N'2018-10-29' AS Date), 26.0000, 1, N'SPEEDWAY 05118 376 GAHANNA OH                10/26', 21, 0, 0, 2)
INSERT [dbo].[Item] ([id], [date], [amount], [is_debit], [description], [category_id], [proportional], [exclude], [source]) VALUES (506, CAST(N'2018-10-29' AS Date), 12.8600, 1, N'ROSS CLEANERS COLUMBUS OH                    10/26', 43, 0, 0, 2)
INSERT [dbo].[Item] ([id], [date], [amount], [is_debit], [description], [category_id], [proportional], [exclude], [source]) VALUES (507, CAST(N'2018-10-29' AS Date), 12.1800, 1, N'ROOSTERS - LANCASTER LANCASTER OH            10/25', 0, 0, 0, 2)
INSERT [dbo].[Item] ([id], [date], [amount], [is_debit], [description], [category_id], [proportional], [exclude], [source]) VALUES (508, CAST(N'2018-11-07' AS Date), 20.0000, 1, N'Check W/D 50587', 0, 0, 0, 1)
INSERT [dbo].[Item] ([id], [date], [amount], [is_debit], [description], [category_id], [proportional], [exclude], [source]) VALUES (509, CAST(N'2018-11-05' AS Date), 384.0000, 1, N'Goodyear Credit Bill Pmt W/D 0000000000', 24, 0, 0, 1)
INSERT [dbo].[Item] ([id], [date], [amount], [is_debit], [description], [category_id], [proportional], [exclude], [source]) VALUES (510, CAST(N'2018-11-05' AS Date), 373.7400, 1, N'AMEX EPAYMENT ACH W/D: AMEX EPAYMENT 0000000000', 0, 0, 0, 1)
INSERT [dbo].[Item] ([id], [date], [amount], [is_debit], [description], [category_id], [proportional], [exclude], [source]) VALUES (511, CAST(N'2018-11-04' AS Date), 10.0000, 1, N'NEST LABS 855-469-6378 CA Debit Card W/D: Check Card 0000000000', 19, 0, 0, 1)
INSERT [dbo].[Item] ([id], [date], [amount], [is_debit], [description], [category_id], [proportional], [exclude], [source]) VALUES (512, CAST(N'2018-11-03' AS Date), 3.5900, 1, N'SUBWAY 00429704 COLUMBUS OH Debit Card W/D: Check Card 0000000000', 8, 0, 0, 1)
INSERT [dbo].[Item] ([id], [date], [amount], [is_debit], [description], [category_id], [proportional], [exclude], [source]) VALUES (513, CAST(N'2018-11-03' AS Date), 5.5800, 1, N'POS MCDONALD''S F10553 3550 E BROAD ST POS W/D: #291290 0000000000', 0, 0, 0, 1)
INSERT [dbo].[Item] ([id], [date], [amount], [is_debit], [description], [category_id], [proportional], [exclude], [source]) VALUES (514, CAST(N'2018-11-02' AS Date), 0.8500, 1, N'USA*CANTEEN FRANKLIN VEND COLUMBUS OH Debit Card W/D: Check Card 0000000000', 8, 0, 0, 1)
INSERT [dbo].[Item] ([id], [date], [amount], [is_debit], [description], [category_id], [proportional], [exclude], [source]) VALUES (515, CAST(N'2018-11-02' AS Date), 92.8400, 1, N'Goodyear Credit Bill Pmt W/D 0000000000', 24, 0, 0, 1)
INSERT [dbo].[Item] ([id], [date], [amount], [is_debit], [description], [category_id], [proportional], [exclude], [source]) VALUES (516, CAST(N'2018-11-02' AS Date), 25.0000, 1, N'Check W/D 50586', 0, 0, 0, 1)
INSERT [dbo].[Item] ([id], [date], [amount], [is_debit], [description], [category_id], [proportional], [exclude], [source]) VALUES (517, CAST(N'2018-11-02' AS Date), 670.6600, 1, N'MYCUMORTGAGE ACH W/D: MYCUMORTGAGE 0000000000', 10, 0, 0, 1)
INSERT [dbo].[Item] ([id], [date], [amount], [is_debit], [description], [category_id], [proportional], [exclude], [source]) VALUES (518, CAST(N'2018-11-02' AS Date), 75.5000, 1, N'GRANGE INSURANCE ACH W/D: GRANGE INSURANCE 0000000000', 37, 0, 0, 1)
INSERT [dbo].[Item] ([id], [date], [amount], [is_debit], [description], [category_id], [proportional], [exclude], [source]) VALUES (519, CAST(N'2018-11-01' AS Date), 1551.3900, 0, N'BENEFIT PAYMENTS ACH Dep: BENEFIT PAYMENTS 0000000000', 4, 0, 0, 1)
INSERT [dbo].[Item] ([id], [date], [amount], [is_debit], [description], [category_id], [proportional], [exclude], [source]) VALUES (520, CAST(N'2018-10-31' AS Date), 0.0200, 0, N'DIVIDEND Div Dep: DIVIDEND 0000000000', 0, 0, 0, 1)
INSERT [dbo].[Item] ([id], [date], [amount], [is_debit], [description], [category_id], [proportional], [exclude], [source]) VALUES (521, CAST(N'2018-10-31' AS Date), 25.7800, 1, N'LOWES #01211* COLUMBUS OH Debit Card W/D: Check Card 0000000000', 42, 0, 0, 1)
INSERT [dbo].[Item] ([id], [date], [amount], [is_debit], [description], [category_id], [proportional], [exclude], [source]) VALUES (522, CAST(N'2018-10-31' AS Date), 20.0000, 1, N'Check W/D 50585', 0, 0, 0, 1)
INSERT [dbo].[Item] ([id], [date], [amount], [is_debit], [description], [category_id], [proportional], [exclude], [source]) VALUES (523, CAST(N'2018-10-31' AS Date), 48.9300, 1, N'ATT ACH W/D: ATT 0000000000', 17, 0, 0, 1)
INSERT [dbo].[Item] ([id], [date], [amount], [is_debit], [description], [category_id], [proportional], [exclude], [source]) VALUES (524, CAST(N'2018-10-31' AS Date), 175.2600, 1, N'WOW! ACH W/D: WOW! 0000000000', 0, 0, 0, 1)
INSERT [dbo].[Item] ([id], [date], [amount], [is_debit], [description], [category_id], [proportional], [exclude], [source]) VALUES (525, CAST(N'2018-10-31' AS Date), 2772.5800, 0, N'TECH ELEVATOR, I ACH Dep: TECH ELEVATOR, I 0000000000', 5, 0, 0, 1)
INSERT [dbo].[Item] ([id], [date], [amount], [is_debit], [description], [category_id], [proportional], [exclude], [source]) VALUES (526, CAST(N'2018-10-30' AS Date), 69.5600, 1, N'DISPATCH SUBSCRIPTION 877-7347728 OH Debit Card W/D: Check Card 0000000000', 55, 0, 0, 1)
INSERT [dbo].[Item] ([id], [date], [amount], [is_debit], [description], [category_id], [proportional], [exclude], [source]) VALUES (527, CAST(N'2018-10-30' AS Date), 3.5900, 1, N'SUBWAY 00429704 COLUMBUS OH Debit Card W/D: Check Card 0000000000', 8, 0, 0, 1)
INSERT [dbo].[Item] ([id], [date], [amount], [is_debit], [description], [category_id], [proportional], [exclude], [source]) VALUES (528, CAST(N'2018-10-30' AS Date), 9.0700, 1, N'POS MCDONALD''S F4723 1020 ALUM CREEK DR POS W/D: #498385 0000000000', 0, 0, 0, 1)
INSERT [dbo].[Item] ([id], [date], [amount], [is_debit], [description], [category_id], [proportional], [exclude], [source]) VALUES (529, CAST(N'2018-10-30' AS Date), 145.0000, 1, N'Check W/D 3315', 0, 0, 0, 1)
INSERT [dbo].[Item] ([id], [date], [amount], [is_debit], [description], [category_id], [proportional], [exclude], [source]) VALUES (530, CAST(N'2018-10-29' AS Date), 0.8500, 1, N'USA*CANTEEN FRANKLIN VEND COLUMBUS OH Debit Card W/D: Check Card 0000000000', 8, 0, 0, 1)
INSERT [dbo].[Item] ([id], [date], [amount], [is_debit], [description], [category_id], [proportional], [exclude], [source]) VALUES (531, CAST(N'2018-10-29' AS Date), 39.4400, 1, N'CIRCLE K # 05698 GRANDVIEW HEI OH Debit Card W/D: Check Card 0000000000', 0, 0, 0, 1)
INSERT [dbo].[Item] ([id], [date], [amount], [is_debit], [description], [category_id], [proportional], [exclude], [source]) VALUES (532, CAST(N'2018-10-29' AS Date), 5.7800, 1, N'CIRCLE K # 05698 GRANDVIEW HEI OH Debit Card W/D: Check Card 0000000000', 0, 0, 0, 1)
INSERT [dbo].[Item] ([id], [date], [amount], [is_debit], [description], [category_id], [proportional], [exclude], [source]) VALUES (533, CAST(N'2018-10-31' AS Date), 28.1300, 1, N'Bexley School District - John', 70, 0, 0, 7)
INSERT [dbo].[Item] ([id], [date], [amount], [is_debit], [description], [category_id], [proportional], [exclude], [source]) VALUES (534, CAST(N'2018-11-02' AS Date), 15.1400, 1, N'Bexley School District - Lisa', 70, 0, 0, 7)
INSERT [dbo].[Item] ([id], [date], [amount], [is_debit], [description], [category_id], [proportional], [exclude], [source]) VALUES (535, CAST(N'2018-10-31' AS Date), 95.4200, 1, N'City Tax - Columbus - John', 70, 0, 0, 7)
INSERT [dbo].[Item] ([id], [date], [amount], [is_debit], [description], [category_id], [proportional], [exclude], [source]) VALUES (536, CAST(N'2018-11-02' AS Date), 51.8500, 1, N'City Tax - Upper Arlington - Lisa', 70, 0, 0, 7)
INSERT [dbo].[Item] ([id], [date], [amount], [is_debit], [description], [category_id], [proportional], [exclude], [source]) VALUES (537, CAST(N'2018-10-31' AS Date), 15.9400, 1, N'Dental Insurance', 34, 0, 0, 7)
INSERT [dbo].[Item] ([id], [date], [amount], [is_debit], [description], [category_id], [proportional], [exclude], [source]) VALUES (538, CAST(N'2018-10-31' AS Date), 719.8800, 1, N'Federal Income Tax', 68, 0, 0, 7)
INSERT [dbo].[Item] ([id], [date], [amount], [is_debit], [description], [category_id], [proportional], [exclude], [source]) VALUES (539, CAST(N'2018-11-02' AS Date), 158.5100, 1, N'Federal Income Tax - Lisa', 68, 0, 0, 7)
INSERT [dbo].[Item] ([id], [date], [amount], [is_debit], [description], [category_id], [proportional], [exclude], [source]) VALUES (540, CAST(N'2018-10-31' AS Date), 125.0000, 1, N'HCSA', 73, 0, 0, 7)
INSERT [dbo].[Item] ([id], [date], [amount], [is_debit], [description], [category_id], [proportional], [exclude], [source]) VALUES (541, CAST(N'2018-10-31' AS Date), 55.3400, 1, N'Medicare - John', 72, 0, 0, 7)
INSERT [dbo].[Item] ([id], [date], [amount], [is_debit], [description], [category_id], [proportional], [exclude], [source]) VALUES (542, CAST(N'2018-11-02' AS Date), 30.0700, 1, N'Medicare - Lisa', 72, 0, 0, 7)
INSERT [dbo].[Item] ([id], [date], [amount], [is_debit], [description], [category_id], [proportional], [exclude], [source]) VALUES (543, CAST(N'2018-10-31' AS Date), 169.1000, 1, N'Ohio State Tax - John', 69, 0, 0, 7)
INSERT [dbo].[Item] ([id], [date], [amount], [is_debit], [description], [category_id], [proportional], [exclude], [source]) VALUES (544, CAST(N'2018-11-02' AS Date), 52.1000, 1, N'Ohio State Tax - Lisa', 69, 0, 0, 7)
INSERT [dbo].[Item] ([id], [date], [amount], [is_debit], [description], [category_id], [proportional], [exclude], [source]) VALUES (545, CAST(N'2018-10-31' AS Date), 39.5800, 1, N'Retirement - John - American Funds', 45, 0, 0, 7)
INSERT [dbo].[Item] ([id], [date], [amount], [is_debit], [description], [category_id], [proportional], [exclude], [source]) VALUES (546, CAST(N'2018-11-02' AS Date), 186.5700, 1, N'Retirement - Lisa', 45, 0, 0, 7)
INSERT [dbo].[Item] ([id], [date], [amount], [is_debit], [description], [category_id], [proportional], [exclude], [source]) VALUES (547, CAST(N'2018-11-02' AS Date), 186.5700, 0, N'Salary - NCR - Deductions', 5, 0, 0, 7)
INSERT [dbo].[Item] ([id], [date], [amount], [is_debit], [description], [category_id], [proportional], [exclude], [source]) VALUES (548, CAST(N'2018-11-02' AS Date), 435.2600, 0, N'Salary - NCR - Taxes', 5, 0, 0, 7)
INSERT [dbo].[Item] ([id], [date], [amount], [is_debit], [description], [category_id], [proportional], [exclude], [source]) VALUES (549, CAST(N'2018-10-31' AS Date), 1304.5000, 0, N'Salary - Tech Elevator  - Taxes', 5, 0, 0, 7)
INSERT [dbo].[Item] ([id], [date], [amount], [is_debit], [description], [category_id], [proportional], [exclude], [source]) VALUES (550, CAST(N'2018-10-31' AS Date), 181.2400, 0, N'Salary - Tech Elevator - Deductions', 5, 0, 0, 7)
INSERT [dbo].[Item] ([id], [date], [amount], [is_debit], [description], [category_id], [proportional], [exclude], [source]) VALUES (551, CAST(N'2018-10-31' AS Date), 236.6300, 1, N'Social Security - John', 71, 0, 0, 7)
INSERT [dbo].[Item] ([id], [date], [amount], [is_debit], [description], [category_id], [proportional], [exclude], [source]) VALUES (552, CAST(N'2018-11-02' AS Date), 128.5800, 1, N'Social Security - Lisa', 71, 0, 0, 7)
INSERT [dbo].[Item] ([id], [date], [amount], [is_debit], [description], [category_id], [proportional], [exclude], [source]) VALUES (553, CAST(N'2018-10-31' AS Date), 0.7200, 1, N'Vision Insurance', 34, 0, 0, 7)
SET IDENTITY_INSERT [dbo].[Item] OFF
SET IDENTITY_INSERT [dbo].[Log] ON 

INSERT [dbo].[Log] ([id], [session_id], [timestamp], [message]) VALUES (217, N'80b50801-b58c-dd37-1fc6-b1a65882274a', CAST(N'2018-10-26T20:39:36.717' AS DateTime), N'Error(99): The string ''Posted Date'' was not recognized as a valid DateTime. There is an unknown word starting at index ''0''.Source: 1  From: Account Designator, Posted Date, Serial Number, Description, Amount, CR/DR, ')
INSERT [dbo].[Log] ([id], [session_id], [timestamp], [message]) VALUES (218, N'80b50801-b58c-dd37-1fc6-b1a65882274a', CAST(N'2018-10-26T20:39:36.773' AS DateTime), N'Error(45A): SqlDateTime overflow. Must be between 1/1/1753 12:00:00 AM and 12/31/9999 11:59:59 PM. Amount 0 IsDebit False Description  CategoryId 0 Proportional False Exclude False Source 0')
INSERT [dbo].[Log] ([id], [session_id], [timestamp], [message]) VALUES (219, N'80b50801-b58c-dd37-1fc6-b1a65882274a', CAST(N'2018-10-26T20:39:36.807' AS DateTime), N'Error(46A): SqlDateTime overflow. Must be between 1/1/1753 12:00:00 AM and 12/31/9999 11:59:59 PM. Amount 0 IsDebit False Description  CategoryId 0 Proportional False Exclude False Source 0')
INSERT [dbo].[Log] ([id], [session_id], [timestamp], [message]) VALUES (220, N'80b50801-b58c-dd37-1fc6-b1a65882274a', CAST(N'2018-10-26T20:45:29.943' AS DateTime), N'Error(99): The string ''Posted Date'' was not recognized as a valid DateTime. There is an unknown word starting at index ''0''.Source: 1  From: Account Designator, Posted Date, Serial Number, Description, Amount, CR/DR, ')
INSERT [dbo].[Log] ([id], [session_id], [timestamp], [message]) VALUES (221, N'80b50801-b58c-dd37-1fc6-b1a65882274a', CAST(N'2018-10-26T20:46:27.030' AS DateTime), N'Error(45A): SqlDateTime overflow. Must be between 1/1/1753 12:00:00 AM and 12/31/9999 11:59:59 PM. Amount 0 IsDebit False Description  CategoryId 0 Proportional False Exclude False Source 0')
INSERT [dbo].[Log] ([id], [session_id], [timestamp], [message]) VALUES (222, N'80b50801-b58c-dd37-1fc6-b1a65882274a', CAST(N'2018-10-26T20:46:58.323' AS DateTime), N'Error(46A): SqlDateTime overflow. Must be between 1/1/1753 12:00:00 AM and 12/31/9999 11:59:59 PM. Amount 0 IsDebit False Description  CategoryId 0 Proportional False Exclude False Source 0')
INSERT [dbo].[Log] ([id], [session_id], [timestamp], [message]) VALUES (223, N'031b5af8-742d-c737-6377-bc8f2e499eec', CAST(N'2018-10-26T20:50:58.357' AS DateTime), N'Info(06): Logged in John Fulton')
INSERT [dbo].[Log] ([id], [session_id], [timestamp], [message]) VALUES (224, N'031b5af8-742d-c737-6377-bc8f2e499eec', CAST(N'2018-10-26T20:51:18.130' AS DateTime), N'Error(99): The string ''Posted Date'' was not recognized as a valid DateTime. There is an unknown word starting at index ''0''.Source: 1  From: Account Designator, Posted Date, Serial Number, Description, Amount, CR/DR, ')
INSERT [dbo].[Log] ([id], [session_id], [timestamp], [message]) VALUES (225, N'031b5af8-742d-c737-6377-bc8f2e499eec', CAST(N'2018-10-26T20:51:22.240' AS DateTime), N'Error(45A): SqlDateTime overflow. Must be between 1/1/1753 12:00:00 AM and 12/31/9999 11:59:59 PM. Amount 0 IsDebit False Description  CategoryId 0 Proportional False Exclude False Source 0')
INSERT [dbo].[Log] ([id], [session_id], [timestamp], [message]) VALUES (226, N'031b5af8-742d-c737-6377-bc8f2e499eec', CAST(N'2018-10-26T20:51:22.300' AS DateTime), N'Error(46A): SqlDateTime overflow. Must be between 1/1/1753 12:00:00 AM and 12/31/9999 11:59:59 PM. Amount 0 IsDebit False Description  CategoryId 0 Proportional False Exclude False Source 0')
INSERT [dbo].[Log] ([id], [session_id], [timestamp], [message]) VALUES (227, N'031b5af8-742d-c737-6377-bc8f2e499eec', CAST(N'2018-10-26T20:53:20.240' AS DateTime), N'Error(99): The string ''Trans Date'' was not recognized as a valid DateTime. There is an unknown word starting at index ''0''.Source: 6  From: Type, Trans Date, Post Date, Description, Amount, , ')
INSERT [dbo].[Log] ([id], [session_id], [timestamp], [message]) VALUES (228, N'031b5af8-742d-c737-6377-bc8f2e499eec', CAST(N'2018-10-26T20:53:20.283' AS DateTime), N'Error(45A): SqlDateTime overflow. Must be between 1/1/1753 12:00:00 AM and 12/31/9999 11:59:59 PM. Amount 0 IsDebit False Description  CategoryId 0 Proportional False Exclude False Source 0')
INSERT [dbo].[Log] ([id], [session_id], [timestamp], [message]) VALUES (229, N'031b5af8-742d-c737-6377-bc8f2e499eec', CAST(N'2018-10-26T20:53:20.320' AS DateTime), N'Error(46A): SqlDateTime overflow. Must be between 1/1/1753 12:00:00 AM and 12/31/9999 11:59:59 PM. Amount 0 IsDebit False Description  CategoryId 0 Proportional False Exclude False Source 0')
INSERT [dbo].[Log] ([id], [session_id], [timestamp], [message]) VALUES (230, N'031b5af8-742d-c737-6377-bc8f2e499eec', CAST(N'2018-10-26T20:54:14.543' AS DateTime), N'Error(99): The string ''Date'' was not recognized as a valid DateTime. There is an unknown word starting at index ''0''.Source: 3  From: Status, Date, Original Description, Split Type, Category, Currency, ')
INSERT [dbo].[Log] ([id], [session_id], [timestamp], [message]) VALUES (231, N'031b5af8-742d-c737-6377-bc8f2e499eec', CAST(N'2018-10-26T20:54:14.593' AS DateTime), N'Error(99): Index was out of range. Must be non-negative and less than the size of the collection.
Parameter name: indexSource: 3  From: posted, 10/19/2018, USA*SIGNALSVIPINSIDER    xxx-xxx7673  OH, , Other Expenses, $, ')
INSERT [dbo].[Log] ([id], [session_id], [timestamp], [message]) VALUES (232, N'031b5af8-742d-c737-6377-bc8f2e499eec', CAST(N'2018-10-26T20:54:14.627' AS DateTime), N'Error(99): Index was out of range. Must be non-negative and less than the size of the collection.
Parameter name: indexSource: 3  From: posted, 10/19/2018, INTEREST CHARGED ON PURCHASES, , Service Charges/Fees, $, ')
INSERT [dbo].[Log] ([id], [session_id], [timestamp], [message]) VALUES (233, N'031b5af8-742d-c737-6377-bc8f2e499eec', CAST(N'2018-10-26T20:54:14.657' AS DateTime), N'Error(99): Index was out of range. Must be non-negative and less than the size of the collection.
Parameter name: indexSource: 3  From: posted, 10/18/2018, BA ELECTRONIC PAYMENT, , Credit Card Payments, $, ')
INSERT [dbo].[Log] ([id], [session_id], [timestamp], [message]) VALUES (234, N'031b5af8-742d-c737-6377-bc8f2e499eec', CAST(N'2018-10-26T20:54:14.693' AS DateTime), N'Error(99): Index was out of range. Must be non-negative and less than the size of the collection.
Parameter name: indexSource: 3  From: posted, 10/01/2018, ROSEHILL VETERINARY HOSP REYNOLDSBURG OH, , Pets/Pet Care, $, ')
INSERT [dbo].[Log] ([id], [session_id], [timestamp], [message]) VALUES (235, N'031b5af8-742d-c737-6377-bc8f2e499eec', CAST(N'2018-10-26T20:54:14.730' AS DateTime), N'Error(45A): SqlDateTime overflow. Must be between 1/1/1753 12:00:00 AM and 12/31/9999 11:59:59 PM. Amount 0 IsDebit False Description  CategoryId 0 Proportional False Exclude False Source 0')
INSERT [dbo].[Log] ([id], [session_id], [timestamp], [message]) VALUES (236, N'031b5af8-742d-c737-6377-bc8f2e499eec', CAST(N'2018-10-26T20:54:14.767' AS DateTime), N'Error(46A): SqlDateTime overflow. Must be between 1/1/1753 12:00:00 AM and 12/31/9999 11:59:59 PM. Amount 0 IsDebit False Description  CategoryId 0 Proportional False Exclude False Source 0')
INSERT [dbo].[Log] ([id], [session_id], [timestamp], [message]) VALUES (237, N'031b5af8-742d-c737-6377-bc8f2e499eec', CAST(N'2018-10-26T20:54:14.813' AS DateTime), N'Error(45): The parameterized query ''(@date datetime,@amount decimal(1,0),@is_debit bit,@description '' expects the parameter ''@description'', which was not supplied.')
INSERT [dbo].[Log] ([id], [session_id], [timestamp], [message]) VALUES (238, N'031b5af8-742d-c737-6377-bc8f2e499eec', CAST(N'2018-10-26T20:54:14.847' AS DateTime), N'Error(46): The parameterized query ''(@date datetime,@amount decimal(1,0),@is_debit bit,@description '' expects the parameter ''@description'', which was not supplied.')
INSERT [dbo].[Log] ([id], [session_id], [timestamp], [message]) VALUES (239, N'031b5af8-742d-c737-6377-bc8f2e499eec', CAST(N'2018-10-26T20:54:14.880' AS DateTime), N'Error(45): The parameterized query ''(@date datetime,@amount decimal(1,0),@is_debit bit,@description '' expects the parameter ''@description'', which was not supplied.')
INSERT [dbo].[Log] ([id], [session_id], [timestamp], [message]) VALUES (240, N'031b5af8-742d-c737-6377-bc8f2e499eec', CAST(N'2018-10-26T20:54:14.910' AS DateTime), N'Error(46): The parameterized query ''(@date datetime,@amount decimal(1,0),@is_debit bit,@description '' expects the parameter ''@description'', which was not supplied.')
INSERT [dbo].[Log] ([id], [session_id], [timestamp], [message]) VALUES (241, N'031b5af8-742d-c737-6377-bc8f2e499eec', CAST(N'2018-10-26T20:54:14.947' AS DateTime), N'Error(45): The parameterized query ''(@date datetime,@amount decimal(1,0),@is_debit bit,@description '' expects the parameter ''@description'', which was not supplied.')
INSERT [dbo].[Log] ([id], [session_id], [timestamp], [message]) VALUES (242, N'031b5af8-742d-c737-6377-bc8f2e499eec', CAST(N'2018-10-26T20:54:14.980' AS DateTime), N'Error(46): The parameterized query ''(@date datetime,@amount decimal(1,0),@is_debit bit,@description '' expects the parameter ''@description'', which was not supplied.')
INSERT [dbo].[Log] ([id], [session_id], [timestamp], [message]) VALUES (243, N'031b5af8-742d-c737-6377-bc8f2e499eec', CAST(N'2018-10-26T20:54:15.013' AS DateTime), N'Error(45): The parameterized query ''(@date datetime,@amount decimal(1,0),@is_debit bit,@description '' expects the parameter ''@description'', which was not supplied.')
INSERT [dbo].[Log] ([id], [session_id], [timestamp], [message]) VALUES (244, N'031b5af8-742d-c737-6377-bc8f2e499eec', CAST(N'2018-10-26T20:54:15.047' AS DateTime), N'Error(46): The parameterized query ''(@date datetime,@amount decimal(1,0),@is_debit bit,@description '' expects the parameter ''@description'', which was not supplied.')
INSERT [dbo].[Log] ([id], [session_id], [timestamp], [message]) VALUES (245, N'cd4c681a-714f-121a-fe1c-87ae229fa6cc', CAST(N'2018-10-26T20:56:56.287' AS DateTime), N'Info(06): Logged in John Fulton')
INSERT [dbo].[Log] ([id], [session_id], [timestamp], [message]) VALUES (246, N'cd4c681a-714f-121a-fe1c-87ae229fa6cc', CAST(N'2018-10-26T20:57:08.090' AS DateTime), N'Error(99): The string ''Date'' was not recognized as a valid DateTime. There is an unknown word starting at index ''0''.Source: 3  From: Status, Date, Original Description, Split Type, Category, Currency, Amount, User Description, Memo, Classification, Account Name, Simple Description, ')
INSERT [dbo].[Log] ([id], [session_id], [timestamp], [message]) VALUES (247, N'cd4c681a-714f-121a-fe1c-87ae229fa6cc', CAST(N'2018-10-26T20:57:08.157' AS DateTime), N'Error(45A): SqlDateTime overflow. Must be between 1/1/1753 12:00:00 AM and 12/31/9999 11:59:59 PM. Amount 0 IsDebit False Description  CategoryId 0 Proportional False Exclude False Source 0')
INSERT [dbo].[Log] ([id], [session_id], [timestamp], [message]) VALUES (248, N'cd4c681a-714f-121a-fe1c-87ae229fa6cc', CAST(N'2018-10-26T20:57:08.210' AS DateTime), N'Error(46A): SqlDateTime overflow. Must be between 1/1/1753 12:00:00 AM and 12/31/9999 11:59:59 PM. Amount 0 IsDebit False Description  CategoryId 0 Proportional False Exclude False Source 0')
INSERT [dbo].[Log] ([id], [session_id], [timestamp], [message]) VALUES (249, N'cd4c681a-714f-121a-fe1c-87ae229fa6cc', CAST(N'2018-10-26T20:57:55.470' AS DateTime), N'Error(99): The string ''Posting Date'' was not recognized as a valid DateTime. There is an unknown word starting at index ''0''.Source: 2  From: Details, Posting Date, Description, Amount, Type, Balance, Check or Slip #, , , , , , ')
INSERT [dbo].[Log] ([id], [session_id], [timestamp], [message]) VALUES (250, N'cd4c681a-714f-121a-fe1c-87ae229fa6cc', CAST(N'2018-10-26T20:57:55.550' AS DateTime), N'Error(45A): SqlDateTime overflow. Must be between 1/1/1753 12:00:00 AM and 12/31/9999 11:59:59 PM. Amount 0 IsDebit False Description  CategoryId 0 Proportional False Exclude False Source 0')
INSERT [dbo].[Log] ([id], [session_id], [timestamp], [message]) VALUES (251, N'cd4c681a-714f-121a-fe1c-87ae229fa6cc', CAST(N'2018-10-26T20:57:55.583' AS DateTime), N'Error(46A): SqlDateTime overflow. Must be between 1/1/1753 12:00:00 AM and 12/31/9999 11:59:59 PM. Amount 0 IsDebit False Description  CategoryId 0 Proportional False Exclude False Source 0')
INSERT [dbo].[Log] ([id], [session_id], [timestamp], [message]) VALUES (252, N'cd4c681a-714f-121a-fe1c-87ae229fa6cc', CAST(N'2018-10-26T20:59:35.290' AS DateTime), N'Error(99): The string ''Date'' was not recognized as a valid DateTime. There is an unknown word starting at index ''0''.Source: 4  From: Date, Description, Amount, , , , , , , , , , ')
INSERT [dbo].[Log] ([id], [session_id], [timestamp], [message]) VALUES (253, N'cd4c681a-714f-121a-fe1c-87ae229fa6cc', CAST(N'2018-10-26T20:59:35.340' AS DateTime), N'Error(45A): SqlDateTime overflow. Must be between 1/1/1753 12:00:00 AM and 12/31/9999 11:59:59 PM. Amount 0 IsDebit False Description  CategoryId 0 Proportional False Exclude False Source 0')
INSERT [dbo].[Log] ([id], [session_id], [timestamp], [message]) VALUES (254, N'cd4c681a-714f-121a-fe1c-87ae229fa6cc', CAST(N'2018-10-26T20:59:35.373' AS DateTime), N'Error(46A): SqlDateTime overflow. Must be between 1/1/1753 12:00:00 AM and 12/31/9999 11:59:59 PM. Amount 0 IsDebit False Description  CategoryId 0 Proportional False Exclude False Source 0')
INSERT [dbo].[Log] ([id], [session_id], [timestamp], [message]) VALUES (255, N'cd4c681a-714f-121a-fe1c-87ae229fa6cc', CAST(N'2018-10-26T21:02:04.333' AS DateTime), N'Error(99): The string ''Trans Date'' was not recognized as a valid DateTime. There is an unknown word starting at index ''0''.Source: 6  From: Type, Trans Date, Post Date, Description, Amount, , , , , , , , ')
INSERT [dbo].[Log] ([id], [session_id], [timestamp], [message]) VALUES (256, N'cd4c681a-714f-121a-fe1c-87ae229fa6cc', CAST(N'2018-10-26T21:02:04.390' AS DateTime), N'Error(45A): SqlDateTime overflow. Must be between 1/1/1753 12:00:00 AM and 12/31/9999 11:59:59 PM. Amount 0 IsDebit False Description  CategoryId 0 Proportional False Exclude False Source 0')
INSERT [dbo].[Log] ([id], [session_id], [timestamp], [message]) VALUES (257, N'cd4c681a-714f-121a-fe1c-87ae229fa6cc', CAST(N'2018-10-26T21:02:04.423' AS DateTime), N'Error(46A): SqlDateTime overflow. Must be between 1/1/1753 12:00:00 AM and 12/31/9999 11:59:59 PM. Amount 0 IsDebit False Description  CategoryId 0 Proportional False Exclude False Source 0')
INSERT [dbo].[Log] ([id], [session_id], [timestamp], [message]) VALUES (258, N'cd4c681a-714f-121a-fe1c-87ae229fa6cc', CAST(N'2018-10-26T21:02:33.877' AS DateTime), N'Error(99): The string ''Date'' was not recognized as a valid DateTime. There is an unknown word starting at index ''0''.Source: 3  From: Status, Date, Original Description, Split Type, Category, Currency, Amount, User Description, Memo, Classification, Account Name, Simple Description, ')
INSERT [dbo].[Log] ([id], [session_id], [timestamp], [message]) VALUES (259, N'cd4c681a-714f-121a-fe1c-87ae229fa6cc', CAST(N'2018-10-26T21:02:33.913' AS DateTime), N'Error(45A): SqlDateTime overflow. Must be between 1/1/1753 12:00:00 AM and 12/31/9999 11:59:59 PM. Amount 0 IsDebit False Description  CategoryId 0 Proportional False Exclude False Source 0')
INSERT [dbo].[Log] ([id], [session_id], [timestamp], [message]) VALUES (260, N'cd4c681a-714f-121a-fe1c-87ae229fa6cc', CAST(N'2018-10-26T21:02:33.943' AS DateTime), N'Error(46A): SqlDateTime overflow. Must be between 1/1/1753 12:00:00 AM and 12/31/9999 11:59:59 PM. Amount 0 IsDebit False Description  CategoryId 0 Proportional False Exclude False Source 0')
INSERT [dbo].[Log] ([id], [session_id], [timestamp], [message]) VALUES (261, N'cd4c681a-714f-121a-fe1c-87ae229fa6cc', CAST(N'2018-10-26T21:02:51.020' AS DateTime), N'Error(99): The string ''Posting Date'' was not recognized as a valid DateTime. There is an unknown word starting at index ''0''.Source: 2  From: Details, Posting Date, Description, Amount, Type, Balance, Check or Slip #, , , , , , ')
INSERT [dbo].[Log] ([id], [session_id], [timestamp], [message]) VALUES (262, N'cd4c681a-714f-121a-fe1c-87ae229fa6cc', CAST(N'2018-10-26T21:02:51.097' AS DateTime), N'Error(45A): SqlDateTime overflow. Must be between 1/1/1753 12:00:00 AM and 12/31/9999 11:59:59 PM. Amount 0 IsDebit False Description  CategoryId 0 Proportional False Exclude False Source 0')
INSERT [dbo].[Log] ([id], [session_id], [timestamp], [message]) VALUES (263, N'cd4c681a-714f-121a-fe1c-87ae229fa6cc', CAST(N'2018-10-26T21:02:51.140' AS DateTime), N'Error(46A): SqlDateTime overflow. Must be between 1/1/1753 12:00:00 AM and 12/31/9999 11:59:59 PM. Amount 0 IsDebit False Description  CategoryId 0 Proportional False Exclude False Source 0')
INSERT [dbo].[Log] ([id], [session_id], [timestamp], [message]) VALUES (264, N'cd4c681a-714f-121a-fe1c-87ae229fa6cc', CAST(N'2018-10-26T21:03:24.413' AS DateTime), N'Error(99): The string ''Posted Date'' was not recognized as a valid DateTime. There is an unknown word starting at index ''0''.Source: 1  From: Account Designator, Posted Date, Serial Number, Description, Amount, CR/DR, , , , , , , ')
INSERT [dbo].[Log] ([id], [session_id], [timestamp], [message]) VALUES (265, N'cd4c681a-714f-121a-fe1c-87ae229fa6cc', CAST(N'2018-10-26T21:03:24.493' AS DateTime), N'Error(45A): SqlDateTime overflow. Must be between 1/1/1753 12:00:00 AM and 12/31/9999 11:59:59 PM. Amount 0 IsDebit False Description  CategoryId 0 Proportional False Exclude False Source 0')
INSERT [dbo].[Log] ([id], [session_id], [timestamp], [message]) VALUES (266, N'cd4c681a-714f-121a-fe1c-87ae229fa6cc', CAST(N'2018-10-26T21:03:24.530' AS DateTime), N'Error(46A): SqlDateTime overflow. Must be between 1/1/1753 12:00:00 AM and 12/31/9999 11:59:59 PM. Amount 0 IsDebit False Description  CategoryId 0 Proportional False Exclude False Source 0')
INSERT [dbo].[Log] ([id], [session_id], [timestamp], [message]) VALUES (267, N'cd4c681a-714f-121a-fe1c-87ae229fa6cc', CAST(N'2018-10-26T21:03:39.687' AS DateTime), N'Error(99): The string ''Date'' was not recognized as a valid DateTime. There is an unknown word starting at index ''0''.Source: 4  From: Date, Description, Amount, , , , , , , , , , ')
INSERT [dbo].[Log] ([id], [session_id], [timestamp], [message]) VALUES (268, N'cd4c681a-714f-121a-fe1c-87ae229fa6cc', CAST(N'2018-10-26T21:03:39.730' AS DateTime), N'Error(45A): SqlDateTime overflow. Must be between 1/1/1753 12:00:00 AM and 12/31/9999 11:59:59 PM. Amount 0 IsDebit False Description  CategoryId 0 Proportional False Exclude False Source 0')
INSERT [dbo].[Log] ([id], [session_id], [timestamp], [message]) VALUES (269, N'cd4c681a-714f-121a-fe1c-87ae229fa6cc', CAST(N'2018-10-26T21:03:39.763' AS DateTime), N'Error(46A): SqlDateTime overflow. Must be between 1/1/1753 12:00:00 AM and 12/31/9999 11:59:59 PM. Amount 0 IsDebit False Description  CategoryId 0 Proportional False Exclude False Source 0')
INSERT [dbo].[Log] ([id], [session_id], [timestamp], [message]) VALUES (270, N'b66cfc63-52cc-509e-6ea8-f4b74d787683', CAST(N'2018-10-26T22:30:35.107' AS DateTime), N'Info(06): Logged in John Fulton')
INSERT [dbo].[Log] ([id], [session_id], [timestamp], [message]) VALUES (271, N'8acf21b6-4a27-f291-b77d-a743af013910', CAST(N'2018-10-26T22:36:51.773' AS DateTime), N'Info(06): Logged in John Fulton')
INSERT [dbo].[Log] ([id], [session_id], [timestamp], [message]) VALUES (272, N'5b4c4fa0-8dc3-0dba-4f7e-9fca8aae0f83', CAST(N'2018-10-26T22:40:38.427' AS DateTime), N'Info(06): Logged in John Fulton')
INSERT [dbo].[Log] ([id], [session_id], [timestamp], [message]) VALUES (273, N'a66a68ba-d555-f782-8a72-b3cdabb7d435', CAST(N'2018-10-26T22:45:51.240' AS DateTime), N'Info(06): Logged in John Fulton')
INSERT [dbo].[Log] ([id], [session_id], [timestamp], [message]) VALUES (274, N'', CAST(N'2018-10-26T22:45:54.733' AS DateTime), N'Error41): Invalid column name ''false''.')
INSERT [dbo].[Log] ([id], [session_id], [timestamp], [message]) VALUES (275, N'0d0c379c-db65-b1f5-ebe4-cb80717631aa', CAST(N'2018-10-26T22:46:34.767' AS DateTime), N'Info(06): Logged in John Fulton')
INSERT [dbo].[Log] ([id], [session_id], [timestamp], [message]) VALUES (276, N'c085211d-09f3-bce2-d107-51369c0cc327', CAST(N'2018-10-27T07:00:06.217' AS DateTime), N'Info(06): Logged in John Fulton')
INSERT [dbo].[Log] ([id], [session_id], [timestamp], [message]) VALUES (277, N'a24b3590-b055-2698-28cf-e9d5794f3461', CAST(N'2018-10-27T07:05:55.497' AS DateTime), N'Info(06): Logged in John Fulton')
INSERT [dbo].[Log] ([id], [session_id], [timestamp], [message]) VALUES (278, N'c6b7d892-6bc8-002a-fa2c-231ee0ccdeb6', CAST(N'2018-10-27T07:22:01.477' AS DateTime), N'Info(06): Logged in John Fulton')
INSERT [dbo].[Log] ([id], [session_id], [timestamp], [message]) VALUES (279, N'1e23fe54-d7fe-7024-53b3-462accac7f25', CAST(N'2018-10-27T07:24:03.860' AS DateTime), N'Info(06): Logged in John Fulton')
INSERT [dbo].[Log] ([id], [session_id], [timestamp], [message]) VALUES (280, N'a5f5bba5-e219-2adf-bbda-d2e8d2c3bf82', CAST(N'2018-10-27T08:21:46.723' AS DateTime), N'Info(06): Logged in John Fulton')
INSERT [dbo].[Log] ([id], [session_id], [timestamp], [message]) VALUES (281, N'6fab4b36-9512-5a39-b810-95f363590b2d', CAST(N'2018-10-27T10:16:40.453' AS DateTime), N'Info(06): Logged in John Fulton')
INSERT [dbo].[Log] ([id], [session_id], [timestamp], [message]) VALUES (282, N'38337bfe-b1fa-e545-c8bb-ac65f4227e48', CAST(N'2018-10-27T11:15:20.357' AS DateTime), N'Info(06): Logged in John Fulton')
INSERT [dbo].[Log] ([id], [session_id], [timestamp], [message]) VALUES (283, N'3022649e-2a5f-56ce-b0ae-2c88cb641435', CAST(N'2018-10-27T13:16:06.140' AS DateTime), N'Info(06): Logged in John Fulton')
INSERT [dbo].[Log] ([id], [session_id], [timestamp], [message]) VALUES (284, N'3e046d42-1112-2ced-fa41-cccc1d4fa9f8', CAST(N'2018-10-27T13:16:54.667' AS DateTime), N'Info(06): Logged in John Fulton')
INSERT [dbo].[Log] ([id], [session_id], [timestamp], [message]) VALUES (285, N'c90b7819-14cd-7870-2694-864f3cac4aae', CAST(N'2018-10-27T13:27:48.620' AS DateTime), N'Info(06): Logged in John Fulton')
INSERT [dbo].[Log] ([id], [session_id], [timestamp], [message]) VALUES (286, N'bdb25896-0108-3f05-8143-493e79d1e482', CAST(N'2018-10-27T13:31:43.923' AS DateTime), N'Info(06): Logged in John Fulton')
INSERT [dbo].[Log] ([id], [session_id], [timestamp], [message]) VALUES (287, N'c10abb1b-fcb7-a890-96e8-fd2a0c2c8113', CAST(N'2018-10-27T13:52:15.757' AS DateTime), N'Info(06): Logged in John Fulton')
INSERT [dbo].[Log] ([id], [session_id], [timestamp], [message]) VALUES (288, N'd53c95c5-1f4c-aabb-77af-240ac6d46228', CAST(N'2018-10-27T16:20:23.370' AS DateTime), N'Info(06): Logged in John Fulton')
INSERT [dbo].[Log] ([id], [session_id], [timestamp], [message]) VALUES (289, N'566c63d9-b6ef-2de0-3f59-8390dca5ddfc', CAST(N'2018-10-27T16:24:14.560' AS DateTime), N'Info(06): Logged in John Fulton')
INSERT [dbo].[Log] ([id], [session_id], [timestamp], [message]) VALUES (290, N'840a77c5-9a22-36c3-e007-e069a7ec8e89', CAST(N'2018-10-27T16:26:08.150' AS DateTime), N'Info(06): Logged in John Fulton')
INSERT [dbo].[Log] ([id], [session_id], [timestamp], [message]) VALUES (291, N'aabf6aaa-6afd-d6d4-e2fd-895664b7fdbd', CAST(N'2018-10-27T16:29:18.190' AS DateTime), N'Info(06): Logged in John Fulton')
INSERT [dbo].[Log] ([id], [session_id], [timestamp], [message]) VALUES (292, N'04055ebf-1b0f-79eb-e688-5f387300fab3', CAST(N'2018-10-27T16:32:18.027' AS DateTime), N'Info(06): Logged in John Fulton')
INSERT [dbo].[Log] ([id], [session_id], [timestamp], [message]) VALUES (293, N'51a6d63d-7997-74c2-cbc7-eeedcc6f532e', CAST(N'2018-10-27T16:42:40.080' AS DateTime), N'Info(06): Logged in John Fulton')
INSERT [dbo].[Log] ([id], [session_id], [timestamp], [message]) VALUES (294, N'b053d1ef-5145-bdc6-ae77-1cddbb2780af', CAST(N'2018-10-27T17:43:50.563' AS DateTime), N'Info(06): Logged in John Fulton')
INSERT [dbo].[Log] ([id], [session_id], [timestamp], [message]) VALUES (295, N'22d9c20c-1b38-274c-22bc-14ae68ebbdd2', CAST(N'2018-10-27T17:46:20.393' AS DateTime), N'Info(06): Logged in John Fulton')
INSERT [dbo].[Log] ([id], [session_id], [timestamp], [message]) VALUES (296, N'a9464c67-3dbc-d70c-e43b-7aa6b404305e', CAST(N'2018-10-27T17:58:50.293' AS DateTime), N'Info(06): Logged in John Fulton')
INSERT [dbo].[Log] ([id], [session_id], [timestamp], [message]) VALUES (297, N'56a1ff2a-295e-5db9-9d21-df0b4d9d39ac', CAST(N'2018-10-27T18:02:49.403' AS DateTime), N'Info(06): Logged in John Fulton')
INSERT [dbo].[Log] ([id], [session_id], [timestamp], [message]) VALUES (298, N'acdb6e87-5021-07ad-ee17-dfb641223b0a', CAST(N'2018-10-27T18:07:10.767' AS DateTime), N'Info(06): Logged in John Fulton')
INSERT [dbo].[Log] ([id], [session_id], [timestamp], [message]) VALUES (299, N'5a5c7f92-052b-b437-5a13-cbf6639e293d', CAST(N'2018-10-28T10:41:05.763' AS DateTime), N'Info(06): Logged in John Fulton')
INSERT [dbo].[Log] ([id], [session_id], [timestamp], [message]) VALUES (300, N'f7b85202-2954-f77d-90a3-cd1fabfda356', CAST(N'2018-10-28T20:42:19.393' AS DateTime), N'Info(06): Logged in John Fulton')
INSERT [dbo].[Log] ([id], [session_id], [timestamp], [message]) VALUES (301, N'f7b85202-2954-f77d-90a3-cd1fabfda356', CAST(N'2018-10-28T20:42:41.493' AS DateTime), N'Error(99): The string ''Trans Date'' was not recognized as a valid DateTime. There is an unknown word starting at index ''0''.Source: 6  From: Type, Trans Date, Post Date, Description, Amount, , , , , , , , ')
INSERT [dbo].[Log] ([id], [session_id], [timestamp], [message]) VALUES (302, N'f7b85202-2954-f77d-90a3-cd1fabfda356', CAST(N'2018-10-28T20:42:41.593' AS DateTime), N'Error(45A): SqlDateTime overflow. Must be between 1/1/1753 12:00:00 AM and 12/31/9999 11:59:59 PM. Date 1/1/0001 12:00:00 AM Amount 0 IsDebit False Description  CategoryId 0 Proportional False Exclude False Source 0')
INSERT [dbo].[Log] ([id], [session_id], [timestamp], [message]) VALUES (303, N'f7b85202-2954-f77d-90a3-cd1fabfda356', CAST(N'2018-10-28T20:42:41.637' AS DateTime), N'Error(46A): SqlDateTime overflow. Must be between 1/1/1753 12:00:00 AM and 12/31/9999 11:59:59 PM. Date 1/1/0001 12:00:00 AM Amount 0 IsDebit False Description  CategoryId 0 Proportional False Exclude False Source 0')
INSERT [dbo].[Log] ([id], [session_id], [timestamp], [message]) VALUES (304, N'f7b85202-2954-f77d-90a3-cd1fabfda356', CAST(N'2018-10-28T20:43:39.620' AS DateTime), N'Error(99): The string ''Date'' was not recognized as a valid DateTime. There is an unknown word starting at index ''0''.Source: 3  From: Status, Date, Original Description, Split Type, Category, Currency, Amount, User Description, Memo, Classification, Account Name, Simple Description, ')
INSERT [dbo].[Log] ([id], [session_id], [timestamp], [message]) VALUES (305, N'f7b85202-2954-f77d-90a3-cd1fabfda356', CAST(N'2018-10-28T20:43:39.660' AS DateTime), N'Error(45A): SqlDateTime overflow. Must be between 1/1/1753 12:00:00 AM and 12/31/9999 11:59:59 PM. Date 1/1/0001 12:00:00 AM Amount 0 IsDebit False Description  CategoryId 0 Proportional False Exclude False Source 0')
INSERT [dbo].[Log] ([id], [session_id], [timestamp], [message]) VALUES (306, N'f7b85202-2954-f77d-90a3-cd1fabfda356', CAST(N'2018-10-28T20:43:39.700' AS DateTime), N'Error(46A): SqlDateTime overflow. Must be between 1/1/1753 12:00:00 AM and 12/31/9999 11:59:59 PM. Date 1/1/0001 12:00:00 AM Amount 0 IsDebit False Description  CategoryId 0 Proportional False Exclude False Source 0')
INSERT [dbo].[Log] ([id], [session_id], [timestamp], [message]) VALUES (307, N'f7b85202-2954-f77d-90a3-cd1fabfda356', CAST(N'2018-10-28T20:43:57.387' AS DateTime), N'Error(99): The string ''Posting Date'' was not recognized as a valid DateTime. There is an unknown word starting at index ''0''.Source: 2  From: Details, Posting Date, Description, Amount, Type, Balance, Check or Slip #, , , , , , ')
INSERT [dbo].[Log] ([id], [session_id], [timestamp], [message]) VALUES (308, N'f7b85202-2954-f77d-90a3-cd1fabfda356', CAST(N'2018-10-28T20:43:57.480' AS DateTime), N'Error(45A): SqlDateTime overflow. Must be between 1/1/1753 12:00:00 AM and 12/31/9999 11:59:59 PM. Date 1/1/0001 12:00:00 AM Amount 0 IsDebit False Description  CategoryId 0 Proportional False Exclude False Source 0')
INSERT [dbo].[Log] ([id], [session_id], [timestamp], [message]) VALUES (309, N'f7b85202-2954-f77d-90a3-cd1fabfda356', CAST(N'2018-10-28T20:43:57.517' AS DateTime), N'Error(46A): SqlDateTime overflow. Must be between 1/1/1753 12:00:00 AM and 12/31/9999 11:59:59 PM. Date 1/1/0001 12:00:00 AM Amount 0 IsDebit False Description  CategoryId 0 Proportional False Exclude False Source 0')
INSERT [dbo].[Log] ([id], [session_id], [timestamp], [message]) VALUES (310, N'f7b85202-2954-f77d-90a3-cd1fabfda356', CAST(N'2018-10-28T20:44:19.400' AS DateTime), N'Error(99): The string ''Posted Date'' was not recognized as a valid DateTime. There is an unknown word starting at index ''0''.Source: 1  From: Account Designator, Posted Date, Serial Number, Description, Amount, CR/DR, , , , , , , ')
INSERT [dbo].[Log] ([id], [session_id], [timestamp], [message]) VALUES (311, N'f7b85202-2954-f77d-90a3-cd1fabfda356', CAST(N'2018-10-28T20:44:19.500' AS DateTime), N'Error(45A): SqlDateTime overflow. Must be between 1/1/1753 12:00:00 AM and 12/31/9999 11:59:59 PM. Date 1/1/0001 12:00:00 AM Amount 0 IsDebit False Description  CategoryId 0 Proportional False Exclude False Source 0')
INSERT [dbo].[Log] ([id], [session_id], [timestamp], [message]) VALUES (312, N'f7b85202-2954-f77d-90a3-cd1fabfda356', CAST(N'2018-10-28T20:44:19.537' AS DateTime), N'Error(46A): SqlDateTime overflow. Must be between 1/1/1753 12:00:00 AM and 12/31/9999 11:59:59 PM. Date 1/1/0001 12:00:00 AM Amount 0 IsDebit False Description  CategoryId 0 Proportional False Exclude False Source 0')
INSERT [dbo].[Log] ([id], [session_id], [timestamp], [message]) VALUES (313, N'f7b85202-2954-f77d-90a3-cd1fabfda356', CAST(N'2018-10-28T20:44:37.847' AS DateTime), N'Error(99): The string ''Date'' was not recognized as a valid DateTime. There is an unknown word starting at index ''0''.Source: 4  From: Date, Description, Amount, , , , , , , , , , ')
INSERT [dbo].[Log] ([id], [session_id], [timestamp], [message]) VALUES (314, N'f7b85202-2954-f77d-90a3-cd1fabfda356', CAST(N'2018-10-28T20:44:37.887' AS DateTime), N'Error(45A): SqlDateTime overflow. Must be between 1/1/1753 12:00:00 AM and 12/31/9999 11:59:59 PM. Date 1/1/0001 12:00:00 AM Amount 0 IsDebit False Description  CategoryId 0 Proportional False Exclude False Source 0')
INSERT [dbo].[Log] ([id], [session_id], [timestamp], [message]) VALUES (315, N'f7b85202-2954-f77d-90a3-cd1fabfda356', CAST(N'2018-10-28T20:44:37.923' AS DateTime), N'Error(46A): SqlDateTime overflow. Must be between 1/1/1753 12:00:00 AM and 12/31/9999 11:59:59 PM. Date 1/1/0001 12:00:00 AM Amount 0 IsDebit False Description  CategoryId 0 Proportional False Exclude False Source 0')
GO
INSERT [dbo].[Log] ([id], [session_id], [timestamp], [message]) VALUES (316, N'34dca7fd-dfbf-410a-edb1-7e48fe1fe0ec', CAST(N'2018-10-29T11:45:13.320' AS DateTime), N'Info(06): Logged in John Fulton')
INSERT [dbo].[Log] ([id], [session_id], [timestamp], [message]) VALUES (317, N'8dc98451-efed-154a-5b2a-0818eec5a380', CAST(N'2018-10-30T10:10:55.430' AS DateTime), N'Info(06): Logged in John Fulton')
INSERT [dbo].[Log] ([id], [session_id], [timestamp], [message]) VALUES (318, N'd9e12871-9cef-b48f-c81f-9fe1297a425d', CAST(N'2018-10-30T10:40:56.140' AS DateTime), N'Info(06): Logged in John Fulton')
INSERT [dbo].[Log] ([id], [session_id], [timestamp], [message]) VALUES (319, N'8e71391f-2708-8480-7c6b-a06847da32c7', CAST(N'2018-10-30T10:52:09.310' AS DateTime), N'Info(06): Logged in John Fulton')
INSERT [dbo].[Log] ([id], [session_id], [timestamp], [message]) VALUES (320, N'', CAST(N'2018-10-30T10:52:12.847' AS DateTime), N'Error41): The multi-part identifier "i.exclude" could not be bound.')
INSERT [dbo].[Log] ([id], [session_id], [timestamp], [message]) VALUES (321, N'', CAST(N'2018-10-30T10:57:22.580' AS DateTime), N'Error41): The multi-part identifier "i.exclude" could not be bound.')
INSERT [dbo].[Log] ([id], [session_id], [timestamp], [message]) VALUES (322, N'ae61c7da-ba9d-b2ff-77d7-55eaa85dfc65', CAST(N'2018-10-30T11:23:34.523' AS DateTime), N'Info(06): Logged in John Fulton')
INSERT [dbo].[Log] ([id], [session_id], [timestamp], [message]) VALUES (323, N'4ea80143-408b-d059-bc19-f66783521cbd', CAST(N'2018-10-30T11:30:25.113' AS DateTime), N'Info(06): Logged in John Fulton')
INSERT [dbo].[Log] ([id], [session_id], [timestamp], [message]) VALUES (324, N'9f76950b-db55-295d-fa49-c9022aa118c2', CAST(N'2018-10-30T11:31:44.930' AS DateTime), N'Info(06): Logged in John Fulton')
INSERT [dbo].[Log] ([id], [session_id], [timestamp], [message]) VALUES (325, N'aa348d1f-df08-7eff-6f29-834246e225b1', CAST(N'2018-11-03T12:27:27.533' AS DateTime), N'Info(06): Logged in John Fulton')
INSERT [dbo].[Log] ([id], [session_id], [timestamp], [message]) VALUES (326, N'80005390-c706-8ccf-3042-4f2058a05eed', CAST(N'2018-11-03T12:35:40.180' AS DateTime), N'Info(06): Logged in John Fulton')
INSERT [dbo].[Log] ([id], [session_id], [timestamp], [message]) VALUES (327, N'fb1c9967-a401-ad05-44f1-241031b71224', CAST(N'2018-11-03T13:13:23.953' AS DateTime), N'Info(06): Logged in John Fulton')
INSERT [dbo].[Log] ([id], [session_id], [timestamp], [message]) VALUES (328, N'2ba54e46-81f6-5d8d-fd24-125778f2fe54', CAST(N'2018-11-05T19:32:33.863' AS DateTime), N'Info(06): Logged in John Fulton')
INSERT [dbo].[Log] ([id], [session_id], [timestamp], [message]) VALUES (329, N'aadcca87-2537-7381-3ea7-976773974e4a', CAST(N'2018-11-07T20:29:58.187' AS DateTime), N'Info(06): Logged in John Fulton')
INSERT [dbo].[Log] ([id], [session_id], [timestamp], [message]) VALUES (330, N'aadcca87-2537-7381-3ea7-976773974e4a', CAST(N'2018-11-07T20:30:24.187' AS DateTime), N'Error(99): The string ''Date'' was not recognized as a valid DateTime. There is an unknown word starting at index ''0''.Source: 4  From: Date, Description, Amount, , , , , , , , , , ')
INSERT [dbo].[Log] ([id], [session_id], [timestamp], [message]) VALUES (331, N'aadcca87-2537-7381-3ea7-976773974e4a', CAST(N'2018-11-07T20:30:24.287' AS DateTime), N'Error(45A): SqlDateTime overflow. Must be between 1/1/1753 12:00:00 AM and 12/31/9999 11:59:59 PM. Date 1/1/0001 12:00:00 AM Amount 0 IsDebit False Description  CategoryId 0 Proportional False Exclude False Source 0')
INSERT [dbo].[Log] ([id], [session_id], [timestamp], [message]) VALUES (332, N'aadcca87-2537-7381-3ea7-976773974e4a', CAST(N'2018-11-07T20:30:24.333' AS DateTime), N'Error(46A): SqlDateTime overflow. Must be between 1/1/1753 12:00:00 AM and 12/31/9999 11:59:59 PM. Date 1/1/0001 12:00:00 AM Amount 0 IsDebit False Description  CategoryId 0 Proportional False Exclude False Source 0')
INSERT [dbo].[Log] ([id], [session_id], [timestamp], [message]) VALUES (333, N'aadcca87-2537-7381-3ea7-976773974e4a', CAST(N'2018-11-07T20:31:45.513' AS DateTime), N'Error(99): The string ''Date'' was not recognized as a valid DateTime. There is an unknown word starting at index ''0''.Source: 3  From: Status, Date, Original Description, Split Type, Category, Currency, Amount, User Description, Memo, Classification, Account Name, Simple Description, ')
INSERT [dbo].[Log] ([id], [session_id], [timestamp], [message]) VALUES (334, N'aadcca87-2537-7381-3ea7-976773974e4a', CAST(N'2018-11-07T20:31:45.567' AS DateTime), N'Error(45A): SqlDateTime overflow. Must be between 1/1/1753 12:00:00 AM and 12/31/9999 11:59:59 PM. Date 1/1/0001 12:00:00 AM Amount 0 IsDebit False Description  CategoryId 0 Proportional False Exclude False Source 0')
INSERT [dbo].[Log] ([id], [session_id], [timestamp], [message]) VALUES (335, N'aadcca87-2537-7381-3ea7-976773974e4a', CAST(N'2018-11-07T20:31:45.617' AS DateTime), N'Error(46A): SqlDateTime overflow. Must be between 1/1/1753 12:00:00 AM and 12/31/9999 11:59:59 PM. Date 1/1/0001 12:00:00 AM Amount 0 IsDebit False Description  CategoryId 0 Proportional False Exclude False Source 0')
INSERT [dbo].[Log] ([id], [session_id], [timestamp], [message]) VALUES (336, N'aadcca87-2537-7381-3ea7-976773974e4a', CAST(N'2018-11-07T20:33:09.093' AS DateTime), N'Error(99): The string ''Trans Date'' was not recognized as a valid DateTime. There is an unknown word starting at index ''0''.Source: 6  From: Type, Trans Date, Post Date, Description, Amount, , , , , , , , ')
INSERT [dbo].[Log] ([id], [session_id], [timestamp], [message]) VALUES (337, N'aadcca87-2537-7381-3ea7-976773974e4a', CAST(N'2018-11-07T20:33:09.147' AS DateTime), N'Error(45A): SqlDateTime overflow. Must be between 1/1/1753 12:00:00 AM and 12/31/9999 11:59:59 PM. Date 1/1/0001 12:00:00 AM Amount 0 IsDebit False Description  CategoryId 0 Proportional False Exclude False Source 0')
INSERT [dbo].[Log] ([id], [session_id], [timestamp], [message]) VALUES (338, N'aadcca87-2537-7381-3ea7-976773974e4a', CAST(N'2018-11-07T20:33:09.177' AS DateTime), N'Error(46A): SqlDateTime overflow. Must be between 1/1/1753 12:00:00 AM and 12/31/9999 11:59:59 PM. Date 1/1/0001 12:00:00 AM Amount 0 IsDebit False Description  CategoryId 0 Proportional False Exclude False Source 0')
INSERT [dbo].[Log] ([id], [session_id], [timestamp], [message]) VALUES (339, N'aadcca87-2537-7381-3ea7-976773974e4a', CAST(N'2018-11-07T20:33:29.637' AS DateTime), N'Error(99): The string ''Posting Date'' was not recognized as a valid DateTime. There is an unknown word starting at index ''0''.Source: 2  From: Details, Posting Date, Description, Amount, Type, Balance, Check or Slip #, , , , , , ')
INSERT [dbo].[Log] ([id], [session_id], [timestamp], [message]) VALUES (340, N'aadcca87-2537-7381-3ea7-976773974e4a', CAST(N'2018-11-07T20:33:29.787' AS DateTime), N'Error(45A): SqlDateTime overflow. Must be between 1/1/1753 12:00:00 AM and 12/31/9999 11:59:59 PM. Date 1/1/0001 12:00:00 AM Amount 0 IsDebit False Description  CategoryId 0 Proportional False Exclude False Source 0')
INSERT [dbo].[Log] ([id], [session_id], [timestamp], [message]) VALUES (341, N'aadcca87-2537-7381-3ea7-976773974e4a', CAST(N'2018-11-07T20:33:29.827' AS DateTime), N'Error(46A): SqlDateTime overflow. Must be between 1/1/1753 12:00:00 AM and 12/31/9999 11:59:59 PM. Date 1/1/0001 12:00:00 AM Amount 0 IsDebit False Description  CategoryId 0 Proportional False Exclude False Source 0')
INSERT [dbo].[Log] ([id], [session_id], [timestamp], [message]) VALUES (342, N'aadcca87-2537-7381-3ea7-976773974e4a', CAST(N'2018-11-07T20:33:58.290' AS DateTime), N'Error(99): The string ''Posted Date'' was not recognized as a valid DateTime. There is an unknown word starting at index ''0''.Source: 1  From: Account Designator, Posted Date, Serial Number, Description, Amount, CR/DR, , , , , , , ')
INSERT [dbo].[Log] ([id], [session_id], [timestamp], [message]) VALUES (343, N'aadcca87-2537-7381-3ea7-976773974e4a', CAST(N'2018-11-07T20:33:58.413' AS DateTime), N'Error(45A): SqlDateTime overflow. Must be between 1/1/1753 12:00:00 AM and 12/31/9999 11:59:59 PM. Date 1/1/0001 12:00:00 AM Amount 0 IsDebit False Description  CategoryId 0 Proportional False Exclude False Source 0')
INSERT [dbo].[Log] ([id], [session_id], [timestamp], [message]) VALUES (344, N'aadcca87-2537-7381-3ea7-976773974e4a', CAST(N'2018-11-07T20:33:58.463' AS DateTime), N'Error(46A): SqlDateTime overflow. Must be between 1/1/1753 12:00:00 AM and 12/31/9999 11:59:59 PM. Date 1/1/0001 12:00:00 AM Amount 0 IsDebit False Description  CategoryId 0 Proportional False Exclude False Source 0')
INSERT [dbo].[Log] ([id], [session_id], [timestamp], [message]) VALUES (345, N'f5d8d920-417a-ebd5-0bf6-abc70280b030', CAST(N'2018-11-07T20:43:21.313' AS DateTime), N'Info(06): Logged in John Fulton')
INSERT [dbo].[Log] ([id], [session_id], [timestamp], [message]) VALUES (346, N'fcda4a95-0dfb-a0b7-cf74-d7d073aac43b', CAST(N'2018-11-07T20:51:51.630' AS DateTime), N'Info(06): Logged in John Fulton')
INSERT [dbo].[Log] ([id], [session_id], [timestamp], [message]) VALUES (347, N'd276655f-a874-2732-e08e-d67177d0ab2f', CAST(N'2018-11-08T07:10:35.353' AS DateTime), N'Info(06): Logged in John Fulton')
INSERT [dbo].[Log] ([id], [session_id], [timestamp], [message]) VALUES (348, N'1705d372-27b0-ed69-be6e-1d5b27730ab3', CAST(N'2018-11-08T07:12:19.287' AS DateTime), N'Info(06): Logged in John Fulton')
INSERT [dbo].[Log] ([id], [session_id], [timestamp], [message]) VALUES (349, N'175fb2bb-9996-4f63-011b-314c9c252027', CAST(N'2018-11-08T08:49:43.133' AS DateTime), N'Info(06): Logged in John Fulton')
INSERT [dbo].[Log] ([id], [session_id], [timestamp], [message]) VALUES (350, N'c0ce7a70-edff-d151-7a17-92c82c43b6e2', CAST(N'2018-11-08T09:00:41.623' AS DateTime), N'Info(06): Logged in John Fulton')
INSERT [dbo].[Log] ([id], [session_id], [timestamp], [message]) VALUES (351, N'e04fdde4-cba8-f7b1-78ed-fbd044adda61', CAST(N'2018-11-08T13:08:55.087' AS DateTime), N'Info(06): Logged in John Fulton')
INSERT [dbo].[Log] ([id], [session_id], [timestamp], [message]) VALUES (352, N'924ef8bb-e426-fafd-4aa6-a1432dc0ebb8', CAST(N'2018-11-08T21:58:12.363' AS DateTime), N'Info(06): Logged in John Fulton')
INSERT [dbo].[Log] ([id], [session_id], [timestamp], [message]) VALUES (353, N'4541cc57-ecc9-2097-717b-c790120cc181', CAST(N'2018-11-08T22:11:34.207' AS DateTime), N'Info(06): Logged in John Fulton')
INSERT [dbo].[Log] ([id], [session_id], [timestamp], [message]) VALUES (354, N'ce5b6a70-a324-6e73-82ff-ebba7739bade', CAST(N'2018-11-09T06:20:58.320' AS DateTime), N'Info(06): Logged in John Fulton')
INSERT [dbo].[Log] ([id], [session_id], [timestamp], [message]) VALUES (355, N'ef05049c-3839-015e-b064-21b9bc2e5877', CAST(N'2018-11-09T06:28:29.240' AS DateTime), N'Info(06): Logged in John Fulton')
INSERT [dbo].[Log] ([id], [session_id], [timestamp], [message]) VALUES (356, N'a8425db0-4702-8e20-99ff-3206c1fd01f0', CAST(N'2018-11-09T06:40:15.753' AS DateTime), N'Info(06): Logged in John Fulton')
INSERT [dbo].[Log] ([id], [session_id], [timestamp], [message]) VALUES (357, N'92c78f18-4c63-3988-0ba0-8a5da6602fd0', CAST(N'2018-11-09T08:37:18.500' AS DateTime), N'Info(06): Logged in John Fulton')
INSERT [dbo].[Log] ([id], [session_id], [timestamp], [message]) VALUES (358, N'8c0d3996-5e0e-0645-416e-2b4220ffddb8', CAST(N'2018-11-09T08:41:41.003' AS DateTime), N'Info(06): Logged in John Fulton')
INSERT [dbo].[Log] ([id], [session_id], [timestamp], [message]) VALUES (359, N'ef917324-f5eb-ab38-de85-e35c86c691b1', CAST(N'2018-11-09T08:43:56.377' AS DateTime), N'Info(06): Logged in John Fulton')
INSERT [dbo].[Log] ([id], [session_id], [timestamp], [message]) VALUES (360, N'06a9f8a5-2f35-d268-8ba3-a9739fe6661b', CAST(N'2018-11-10T07:38:54.900' AS DateTime), N'Info(06): Logged in John Fulton')
SET IDENTITY_INSERT [dbo].[Log] OFF
SET IDENTITY_INSERT [dbo].[Person] ON 

INSERT [dbo].[Person] ([id], [email], [first_name], [last_name], [password], [description], [is_admin]) VALUES (1, N'john@johnfulton.org', N'John', N'Fulton', N'password', N'', 1)
SET IDENTITY_INSERT [dbo].[Person] OFF
SET IDENTITY_INSERT [dbo].[RecurringItem] ON 

INSERT [dbo].[RecurringItem] ([id], [start_date], [interval_id], [amount], [is_debit], [description], [category_id], [proportional], [exclude], [source]) VALUES (3, CAST(N'2018-10-15' AS Date), 1, 1304.5000, 0, N'Salary - Tech Elevator  - Taxes', 5, 0, 0, 7)
INSERT [dbo].[RecurringItem] ([id], [start_date], [interval_id], [amount], [is_debit], [description], [category_id], [proportional], [exclude], [source]) VALUES (4, CAST(N'2018-10-15' AS Date), 1, 719.8800, 1, N'Federal Income Tax', 68, 0, 0, 7)
INSERT [dbo].[RecurringItem] ([id], [start_date], [interval_id], [amount], [is_debit], [description], [category_id], [proportional], [exclude], [source]) VALUES (5, CAST(N'2018-10-15' AS Date), 1, 236.6300, 1, N'Social Security - John', 71, 0, 0, 7)
INSERT [dbo].[RecurringItem] ([id], [start_date], [interval_id], [amount], [is_debit], [description], [category_id], [proportional], [exclude], [source]) VALUES (6, CAST(N'2018-10-15' AS Date), 1, 55.3400, 1, N'Medicare - John', 72, 0, 0, 7)
INSERT [dbo].[RecurringItem] ([id], [start_date], [interval_id], [amount], [is_debit], [description], [category_id], [proportional], [exclude], [source]) VALUES (7, CAST(N'2018-10-15' AS Date), 1, 95.4200, 1, N'City Tax - Columbus - John', 70, 0, 0, 7)
INSERT [dbo].[RecurringItem] ([id], [start_date], [interval_id], [amount], [is_debit], [description], [category_id], [proportional], [exclude], [source]) VALUES (8, CAST(N'2018-10-15' AS Date), 1, 169.1000, 1, N'Ohio State Tax - John', 69, 0, 0, 7)
INSERT [dbo].[RecurringItem] ([id], [start_date], [interval_id], [amount], [is_debit], [description], [category_id], [proportional], [exclude], [source]) VALUES (9, CAST(N'2018-10-15' AS Date), 1, 28.1300, 1, N'Bexley School District - John', 70, 0, 0, 7)
INSERT [dbo].[RecurringItem] ([id], [start_date], [interval_id], [amount], [is_debit], [description], [category_id], [proportional], [exclude], [source]) VALUES (10, CAST(N'2018-10-15' AS Date), 1, 181.2400, 0, N'Salary - Tech Elevator - Deductions', 5, 0, 0, 7)
INSERT [dbo].[RecurringItem] ([id], [start_date], [interval_id], [amount], [is_debit], [description], [category_id], [proportional], [exclude], [source]) VALUES (11, CAST(N'2018-10-15' AS Date), 1, 39.5800, 1, N'Retirement - John - American Funds', 45, 0, 0, 7)
INSERT [dbo].[RecurringItem] ([id], [start_date], [interval_id], [amount], [is_debit], [description], [category_id], [proportional], [exclude], [source]) VALUES (12, CAST(N'2018-10-15' AS Date), 1, 125.0000, 1, N'HCSA', 73, 0, 0, 7)
INSERT [dbo].[RecurringItem] ([id], [start_date], [interval_id], [amount], [is_debit], [description], [category_id], [proportional], [exclude], [source]) VALUES (13, CAST(N'2018-10-15' AS Date), 1, 15.9400, 1, N'Dental Insurance', 34, 0, 0, 7)
INSERT [dbo].[RecurringItem] ([id], [start_date], [interval_id], [amount], [is_debit], [description], [category_id], [proportional], [exclude], [source]) VALUES (14, CAST(N'2018-10-15' AS Date), 1, 0.7200, 1, N'Vision Insurance', 34, 0, 0, 7)
INSERT [dbo].[RecurringItem] ([id], [start_date], [interval_id], [amount], [is_debit], [description], [category_id], [proportional], [exclude], [source]) VALUES (15, CAST(N'2018-10-05' AS Date), 2, 186.5700, 1, N'Retirement - Lisa', 45, 0, 0, 7)
INSERT [dbo].[RecurringItem] ([id], [start_date], [interval_id], [amount], [is_debit], [description], [category_id], [proportional], [exclude], [source]) VALUES (16, CAST(N'2018-10-05' AS Date), 2, 158.5100, 1, N'Federal Income Tax - Lisa', 68, 0, 0, 7)
INSERT [dbo].[RecurringItem] ([id], [start_date], [interval_id], [amount], [is_debit], [description], [category_id], [proportional], [exclude], [source]) VALUES (17, CAST(N'2018-10-05' AS Date), 2, 186.5700, 0, N'Salary - NCR - Deductions', 5, 0, 0, 7)
INSERT [dbo].[RecurringItem] ([id], [start_date], [interval_id], [amount], [is_debit], [description], [category_id], [proportional], [exclude], [source]) VALUES (18, CAST(N'2018-10-05' AS Date), 2, 30.0700, 1, N'Medicare - Lisa', 72, 0, 0, 7)
INSERT [dbo].[RecurringItem] ([id], [start_date], [interval_id], [amount], [is_debit], [description], [category_id], [proportional], [exclude], [source]) VALUES (19, CAST(N'2018-10-05' AS Date), 2, 128.5800, 1, N'Social Security - Lisa', 71, 0, 0, 7)
INSERT [dbo].[RecurringItem] ([id], [start_date], [interval_id], [amount], [is_debit], [description], [category_id], [proportional], [exclude], [source]) VALUES (20, CAST(N'2018-10-05' AS Date), 2, 52.1000, 1, N'Ohio State Tax - Lisa', 69, 0, 0, 7)
INSERT [dbo].[RecurringItem] ([id], [start_date], [interval_id], [amount], [is_debit], [description], [category_id], [proportional], [exclude], [source]) VALUES (21, CAST(N'2018-10-05' AS Date), 2, 51.8500, 1, N'City Tax - Upper Arlington - Lisa', 70, 0, 0, 7)
INSERT [dbo].[RecurringItem] ([id], [start_date], [interval_id], [amount], [is_debit], [description], [category_id], [proportional], [exclude], [source]) VALUES (22, CAST(N'2018-10-05' AS Date), 2, 15.1400, 1, N'Bexley School District - Lisa', 70, 0, 0, 7)
INSERT [dbo].[RecurringItem] ([id], [start_date], [interval_id], [amount], [is_debit], [description], [category_id], [proportional], [exclude], [source]) VALUES (23, CAST(N'2018-10-05' AS Date), 2, 435.2600, 0, N'Salary - NCR - Taxes', 5, 0, 0, 7)
SET IDENTITY_INSERT [dbo].[RecurringItem] OFF
ALTER TABLE [dbo].[Item] ADD  DEFAULT ((0)) FOR [category_id]
GO
ALTER TABLE [dbo].[Item] ADD  DEFAULT ((0)) FOR [proportional]
GO
ALTER TABLE [dbo].[Item] ADD  DEFAULT ((0)) FOR [exclude]
GO
ALTER TABLE [dbo].[Item] ADD  DEFAULT ((0)) FOR [source]
GO
ALTER TABLE [dbo].[RecurringItem] ADD  DEFAULT ((0)) FOR [category_id]
GO
ALTER TABLE [dbo].[RecurringItem] ADD  DEFAULT ((0)) FOR [proportional]
GO
ALTER TABLE [dbo].[RecurringItem] ADD  DEFAULT ((0)) FOR [exclude]
GO
ALTER TABLE [dbo].[RecurringItem] ADD  DEFAULT ((0)) FOR [source]
GO
USE [master]
GO
ALTER DATABASE [Budget] SET  READ_WRITE 
GO
